track_id,rel_path,label
215,15/215.npy,metal
216,16/216.npy,metal
219,19/219.npy,metal
223,23/223.npy,metal
226,26/226.npy,metal
227,27/227.npy,metal
228,28/228.npy,metal
229,29/229.npy,metal
230,30/230.npy,metal
231,31/231.npy,metal
241,41/241.npy,rock
242,42/242.npy,rock
243,43/243.npy,rock
244,44/244.npy,rock
245,45/245.npy,rock
246,46/246.npy,rock
382,82/382.npy,classical
383,83/383.npy,classical
384,84/384.npy,classical
385,85/385.npy,classical
386,86/386.npy,classical
387,87/387.npy,classical
388,88/388.npy,classical
389,89/389.npy,classical
390,90/390.npy,classical
391,91/391.npy,classical
392,92/392.npy,classical
393,93/393.npy,classical
394,94/394.npy,classical
395,95/395.npy,classical
759,59/759.npy,pop
760,60/760.npy,pop
761,61/761.npy,pop
762,62/762.npy,pop
763,63/763.npy,pop
764,64/764.npy,pop
765,65/765.npy,pop
766,66/766.npy,pop
767,67/767.npy,pop
768,68/768.npy,pop
769,69/769.npy,pop
770,70/770.npy,pop
771,71/771.npy,pop
772,72/772.npy,pop
955,55/955.npy,jazz
1091,91/1091.npy,pop
1092,92/1092.npy,pop
1093,93/1093.npy,pop
1094,94/1094.npy,pop
1095,95/1095.npy,pop
1096,96/1096.npy,pop
1097,97/1097.npy,pop
1098,98/1098.npy,pop
1099,99/1099.npy,pop
1100,00/1100.npy,rock
1102,02/1102.npy,rock
1103,03/1103.npy,metal
1104,04/1104.npy,rock
1105,05/1105.npy,rock
1107,07/1107.npy,rock
1108,08/1108.npy,rock
1161,61/1161.npy,pop
1260,60/1260.npy,pop
1261,61/1261.npy,pop
1262,62/1262.npy,pop
1263,63/1263.npy,pop
1264,64/1264.npy,pop
1265,65/1265.npy,pop
1266,66/1266.npy,pop
1267,67/1267.npy,pop
1268,68/1268.npy,classical
1271,71/1271.npy,rock
1286,86/1286.npy,rock
1287,87/1287.npy,rock
1288,88/1288.npy,rock
1289,89/1289.npy,rock
1292,92/1292.npy,rock
1294,94/1294.npy,rock
1731,31/1731.npy,pop
1733,33/1733.npy,pop
2166,66/2166.npy,pop
2172,72/2172.npy,classical
2208,08/2208.npy,pop
2209,09/2209.npy,pop
2210,10/2210.npy,pop
2211,11/2211.npy,jazz
2212,12/2212.npy,jazz
2213,13/2213.npy,jazz
2214,14/2214.npy,jazz
2215,15/2215.npy,jazz
2216,16/2216.npy,jazz
2217,17/2217.npy,jazz
2218,18/2218.npy,jazz
2249,49/2249.npy,jazz
2261,61/2261.npy,rock
2262,62/2262.npy,rock
2263,63/2263.npy,rock
2264,64/2264.npy,rock
3097,97/3097.npy,pop
3098,98/3098.npy,pop
3099,99/3099.npy,pop
3101,01/3101.npy,pop
3102,02/3102.npy,pop
3103,03/3103.npy,pop
3346,46/3346.npy,pop
3348,48/3348.npy,pop
3349,49/3349.npy,pop
3350,50/3350.npy,pop
3387,87/3387.npy,pop
3407,07/3407.npy,pop
3409,09/3409.npy,pop
3437,37/3437.npy,metal
3439,39/3439.npy,metal
3442,42/3442.npy,metal
3444,44/3444.npy,metal
3445,45/3445.npy,metal
3447,47/3447.npy,metal
3448,48/3448.npy,metal
3449,49/3449.npy,metal
3451,51/3451.npy,metal
3452,52/3452.npy,metal
3453,53/3453.npy,metal
3454,54/3454.npy,metal
3908,08/3908.npy,hiphop
3911,11/3911.npy,jazz
3914,14/3914.npy,jazz
3933,33/3933.npy,jazz
3935,35/3935.npy,jazz
3936,36/3936.npy,jazz
3939,39/3939.npy,jazz
3961,61/3961.npy,disco
3962,62/3962.npy,disco
3963,63/3963.npy,disco
3964,64/3964.npy,disco
3983,83/3983.npy,pop
3984,84/3984.npy,pop
3985,85/3985.npy,pop
3986,86/3986.npy,pop
3987,87/3987.npy,pop
4028,28/4028.npy,jazz
4241,41/4241.npy,pop
4242,42/4242.npy,pop
4243,43/4243.npy,pop
4245,45/4245.npy,pop
4246,46/4246.npy,pop
4248,48/4248.npy,pop
4249,49/4249.npy,pop
4251,51/4251.npy,pop
4392,92/4392.npy,rock
4393,93/4393.npy,rock
4394,94/4394.npy,rock
4395,95/4395.npy,rock
4396,96/4396.npy,rock
4397,97/4397.npy,rock
4398,98/4398.npy,rock
4399,99/4399.npy,rock
4400,00/4400.npy,rock
4401,01/4401.npy,rock
4402,02/4402.npy,rock
4558,58/4558.npy,pop
4563,63/4563.npy,blues
4630,30/4630.npy,pop
4640,40/4640.npy,pop
4882,82/4882.npy,jazz
4883,83/4883.npy,jazz
4884,84/4884.npy,jazz
4887,87/4887.npy,jazz
4889,89/4889.npy,jazz
4890,90/4890.npy,jazz
5083,83/5083.npy,jazz
5084,84/5084.npy,jazz
5085,85/5085.npy,jazz
5086,86/5086.npy,jazz
5087,87/5087.npy,jazz
5090,90/5090.npy,jazz
5482,82/5482.npy,rock
5484,84/5484.npy,pop
5695,95/5695.npy,pop
5696,96/5696.npy,pop
5697,97/5697.npy,pop
5699,99/5699.npy,pop
5700,00/5700.npy,pop
5701,01/5701.npy,pop
5806,06/5806.npy,pop
5807,07/5807.npy,pop
5809,09/5809.npy,pop
5810,10/5810.npy,pop
5811,11/5811.npy,pop
6008,08/6008.npy,reggae
6010,10/6010.npy,reggae
6011,11/6011.npy,classical
6012,12/6012.npy,reggae
6013,13/6013.npy,reggae
6014,14/6014.npy,reggae
6015,15/6015.npy,reggae
6016,16/6016.npy,reggae
6017,17/6017.npy,reggae
6248,48/6248.npy,classical
6568,68/6568.npy,pop
6569,69/6569.npy,pop
6575,75/6575.npy,pop
6576,76/6576.npy,pop
6577,77/6577.npy,pop
6578,78/6578.npy,pop
6579,79/6579.npy,pop
6580,80/6580.npy,pop
6582,82/6582.npy,pop
6606,06/6606.npy,pop
6607,07/6607.npy,pop
6608,08/6608.npy,pop
6609,09/6609.npy,pop
6610,10/6610.npy,pop
6611,11/6611.npy,pop
6720,20/6720.npy,pop
6721,21/6721.npy,pop
6722,22/6722.npy,pop
6723,23/6723.npy,pop
6724,24/6724.npy,pop
6725,25/6725.npy,pop
6728,28/6728.npy,pop
6730,30/6730.npy,pop
6731,31/6731.npy,pop
6732,32/6732.npy,pop
6733,33/6733.npy,pop
6824,24/6824.npy,rock
6826,26/6826.npy,rock
6827,27/6827.npy,rock
7092,92/7092.npy,pop
7095,95/7095.npy,pop
7096,96/7096.npy,pop
7097,97/7097.npy,pop
7098,98/7098.npy,pop
7099,99/7099.npy,pop
7258,58/7258.npy,classical
7358,58/7358.npy,pop
7359,59/7359.npy,pop
7360,60/7360.npy,pop
7361,61/7361.npy,pop
7362,62/7362.npy,pop
7363,63/7363.npy,pop
7364,64/7364.npy,pop
7391,91/7391.npy,pop
7392,92/7392.npy,pop
7393,93/7393.npy,pop
7394,94/7394.npy,pop
7397,97/7397.npy,pop
7398,98/7398.npy,pop
7399,99/7399.npy,pop
7400,00/7400.npy,pop
7401,01/7401.npy,pop
7759,59/7759.npy,reggae
7760,60/7760.npy,reggae
7761,61/7761.npy,reggae
7762,62/7762.npy,reggae
7763,63/7763.npy,reggae
7764,64/7764.npy,reggae
7788,88/7788.npy,rock
8453,53/8453.npy,rock
8454,54/8454.npy,pop
8455,55/8455.npy,rock
8457,57/8457.npy,rock
8458,58/8458.npy,rock
8459,59/8459.npy,rock
8460,60/8460.npy,rock
8559,59/8559.npy,jazz
8561,61/8561.npy,jazz
8564,64/8564.npy,jazz
8565,65/8565.npy,jazz
8682,82/8682.npy,rock
8687,87/8687.npy,pop
8688,88/8688.npy,pop
8689,89/8689.npy,pop
8690,90/8690.npy,pop
8691,91/8691.npy,pop
8692,92/8692.npy,pop
9592,92/9592.npy,pop
9600,00/9600.npy,classical
10369,69/10369.npy,reggae
10370,70/10370.npy,reggae
10371,71/10371.npy,reggae
10372,72/10372.npy,reggae
10373,73/10373.npy,reggae
10374,74/10374.npy,reggae
10375,75/10375.npy,reggae
10376,76/10376.npy,reggae
10558,58/10558.npy,metal
10559,59/10559.npy,metal
10560,60/10560.npy,metal
10562,62/10562.npy,metal
10563,63/10563.npy,metal
10564,64/10564.npy,metal
10565,65/10565.npy,metal
10566,66/10566.npy,metal
10567,67/10567.npy,metal
10568,68/10568.npy,metal
10569,69/10569.npy,metal
10570,70/10570.npy,metal
10571,71/10571.npy,metal
10572,72/10572.npy,metal
10573,73/10573.npy,metal
10574,74/10574.npy,metal
10575,75/10575.npy,metal
10576,76/10576.npy,metal
10577,77/10577.npy,metal
10578,78/10578.npy,metal
10643,43/10643.npy,rock
10644,44/10644.npy,rock
10646,46/10646.npy,rock
10647,47/10647.npy,rock
10672,72/10672.npy,reggae
10673,73/10673.npy,reggae
10674,74/10674.npy,reggae
11100,00/11100.npy,reggae
11101,01/11101.npy,reggae
11535,35/11535.npy,rock
11536,36/11536.npy,rock
11537,37/11537.npy,rock
11538,38/11538.npy,rock
11539,39/11539.npy,rock
11541,41/11541.npy,rock
11542,42/11542.npy,rock
11543,43/11543.npy,rock
11544,44/11544.npy,rock
11545,45/11545.npy,rock
11546,46/11546.npy,rock
11547,47/11547.npy,rock
11548,48/11548.npy,rock
11549,49/11549.npy,rock
11550,50/11550.npy,rock
11551,51/11551.npy,rock
11552,52/11552.npy,rock
11553,53/11553.npy,rock
11554,54/11554.npy,rock
11689,89/11689.npy,pop
11692,92/11692.npy,pop
11698,98/11698.npy,pop
11708,08/11708.npy,pop
11839,39/11839.npy,classical
11840,40/11840.npy,classical
11841,41/11841.npy,classical
11842,42/11842.npy,classical
11843,43/11843.npy,classical
11844,44/11844.npy,classical
11845,45/11845.npy,classical
12099,99/12099.npy,metal
12100,00/12100.npy,metal
12101,01/12101.npy,metal
12102,02/12102.npy,metal
12301,01/12301.npy,blues
12302,02/12302.npy,blues
12303,03/12303.npy,blues
12304,04/12304.npy,blues
12305,05/12305.npy,blues
13015,15/13015.npy,pop
13016,16/13016.npy,pop
13192,92/13192.npy,metal
13193,93/13193.npy,metal
13194,94/13194.npy,metal
13195,95/13195.npy,metal
13196,96/13196.npy,metal
13197,97/13197.npy,metal
13282,82/13282.npy,rock
13283,83/13283.npy,rock
13284,84/13284.npy,rock
13285,85/13285.npy,rock
13286,86/13286.npy,rock
13287,87/13287.npy,rock
13288,88/13288.npy,rock
13289,89/13289.npy,rock
13290,90/13290.npy,rock
13291,91/13291.npy,rock
13292,92/13292.npy,rock
13293,93/13293.npy,rock
13294,94/13294.npy,rock
13823,23/13823.npy,metal
13824,24/13824.npy,metal
13825,25/13825.npy,metal
13826,26/13826.npy,metal
13827,27/13827.npy,metal
14013,13/14013.npy,classical
14014,14/14014.npy,classical
14015,15/14015.npy,classical
14016,16/14016.npy,classical
14017,17/14017.npy,classical
14018,18/14018.npy,classical
14019,19/14019.npy,classical
14020,20/14020.npy,classical
14021,21/14021.npy,classical
14022,22/14022.npy,classical
14023,23/14023.npy,classical
14024,24/14024.npy,classical
14025,25/14025.npy,classical
14026,26/14026.npy,classical
14027,27/14027.npy,classical
14028,28/14028.npy,classical
14085,85/14085.npy,rock
14086,86/14086.npy,rock
14087,87/14087.npy,rock
14088,88/14088.npy,rock
14343,43/14343.npy,rock
14344,44/14344.npy,rock
14345,45/14345.npy,rock
14346,46/14346.npy,rock
14347,47/14347.npy,rock
14348,48/14348.npy,rock
14379,79/14379.npy,blues
14380,80/14380.npy,blues
14385,85/14385.npy,blues
14386,86/14386.npy,blues
14387,87/14387.npy,blues
14388,88/14388.npy,blues
14389,89/14389.npy,blues
14391,91/14391.npy,blues
14393,93/14393.npy,blues
14454,54/14454.npy,pop
14456,56/14456.npy,pop
14458,58/14458.npy,pop
14461,61/14461.npy,pop
14464,64/14464.npy,pop
14508,08/14508.npy,pop
15163,63/15163.npy,pop
15165,65/15165.npy,pop
15166,66/15166.npy,pop
15167,67/15167.npy,pop
15168,68/15168.npy,pop
15169,69/15169.npy,pop
15171,71/15171.npy,pop
15478,78/15478.npy,reggae
15655,55/15655.npy,jazz
15656,56/15656.npy,jazz
15658,58/15658.npy,jazz
15660,60/15660.npy,jazz
15662,62/15662.npy,hiphop
15998,98/15998.npy,rock
16000,00/16000.npy,rock
16038,38/16038.npy,hiphop
16039,39/16039.npy,hiphop
16041,41/16041.npy,hiphop
16092,92/16092.npy,metal
16096,96/16096.npy,metal
16101,01/16101.npy,metal
16140,40/16140.npy,reggae
16143,43/16143.npy,reggae
16145,45/16145.npy,reggae
16148,48/16148.npy,reggae
16151,51/16151.npy,reggae
16407,07/16407.npy,jazz
16408,08/16408.npy,jazz
16409,09/16409.npy,jazz
16410,10/16410.npy,jazz
16411,11/16411.npy,jazz
16553,53/16553.npy,pop
16554,54/16554.npy,pop
16556,56/16556.npy,pop
16557,57/16557.npy,pop
16558,58/16558.npy,pop
16658,58/16658.npy,metal
16659,59/16659.npy,metal
16660,60/16660.npy,metal
16662,62/16662.npy,metal
16663,63/16663.npy,metal
16664,64/16664.npy,metal
16665,65/16665.npy,metal
16861,61/16861.npy,rock
16862,62/16862.npy,rock
16863,63/16863.npy,rock
16864,64/16864.npy,rock
16865,65/16865.npy,rock
16868,68/16868.npy,rock
16869,69/16869.npy,rock
16870,70/16870.npy,rock
16871,71/16871.npy,rock
17148,48/17148.npy,classical
17150,50/17150.npy,classical
17155,55/17155.npy,classical
17157,57/17157.npy,classical
17170,70/17170.npy,classical
17171,71/17171.npy,classical
17172,72/17172.npy,classical
17174,74/17174.npy,classical
17175,75/17175.npy,classical
17176,76/17176.npy,classical
17177,77/17177.npy,classical
17178,78/17178.npy,classical
17490,90/17490.npy,jazz
17491,91/17491.npy,jazz
17492,92/17492.npy,jazz
17493,93/17493.npy,jazz
17494,94/17494.npy,jazz
17621,21/17621.npy,classical
17623,23/17623.npy,classical
17954,54/17954.npy,jazz
17958,58/17958.npy,hiphop
17963,63/17963.npy,jazz
18865,65/18865.npy,classical
19115,15/19115.npy,jazz
19116,16/19116.npy,jazz
19120,20/19120.npy,jazz
19191,91/19191.npy,classical
19197,97/19197.npy,classical
19234,34/19234.npy,rock
19235,35/19235.npy,rock
19236,36/19236.npy,rock
19237,37/19237.npy,rock
19238,38/19238.npy,rock
19239,39/19239.npy,rock
19240,40/19240.npy,rock
19252,52/19252.npy,jazz
19255,55/19255.npy,jazz
19257,57/19257.npy,jazz
19260,60/19260.npy,jazz
19848,48/19848.npy,rock
19851,51/19851.npy,jazz
19852,52/19852.npy,rock
19854,54/19854.npy,jazz
19855,55/19855.npy,rock
19860,60/19860.npy,pop
20486,86/20486.npy,rock
20487,87/20487.npy,jazz
20492,92/20492.npy,jazz
20530,30/20530.npy,pop
20531,31/20531.npy,pop
20532,32/20532.npy,pop
20533,33/20533.npy,pop
20534,34/20534.npy,pop
20535,35/20535.npy,pop
20536,36/20536.npy,pop
20537,37/20537.npy,pop
20538,38/20538.npy,pop
20568,68/20568.npy,pop
20571,71/20571.npy,pop
20572,72/20572.npy,pop
20578,78/20578.npy,pop
20587,87/20587.npy,rock
20590,90/20590.npy,pop
20740,40/20740.npy,jazz
20742,42/20742.npy,pop
20743,43/20743.npy,jazz
20744,44/20744.npy,rock
20763,63/20763.npy,jazz
20764,64/20764.npy,jazz
20765,65/20765.npy,jazz
20766,66/20766.npy,jazz
20767,67/20767.npy,jazz
20768,68/20768.npy,jazz
20769,69/20769.npy,jazz
20770,70/20770.npy,jazz
20771,71/20771.npy,jazz
20772,72/20772.npy,jazz
20773,73/20773.npy,jazz
20799,99/20799.npy,pop
20941,41/20941.npy,reggae
20942,42/20942.npy,reggae
20943,43/20943.npy,reggae
20944,44/20944.npy,reggae
20945,45/20945.npy,reggae
21627,27/21627.npy,pop
21642,42/21642.npy,pop
21867,67/21867.npy,pop
21868,68/21868.npy,pop
21869,69/21869.npy,pop
21983,83/21983.npy,pop
22063,63/22063.npy,rock
22174,74/22174.npy,rock
22175,75/22175.npy,rock
22176,76/22176.npy,rock
22177,77/22177.npy,rock
22178,78/22178.npy,rock
22179,79/22179.npy,rock
22180,80/22180.npy,rock
22181,81/22181.npy,rock
22182,82/22182.npy,rock
22183,83/22183.npy,rock
22339,39/22339.npy,pop
22549,49/22549.npy,jazz
22550,50/22550.npy,jazz
22772,72/22772.npy,pop
22803,03/22803.npy,pop
22804,04/22804.npy,pop
22807,07/22807.npy,pop
22886,86/22886.npy,classical
22896,96/22896.npy,classical
23101,01/23101.npy,reggae
23102,02/23102.npy,reggae
23103,03/23103.npy,reggae
23104,04/23104.npy,reggae
23105,05/23105.npy,reggae
23106,06/23106.npy,reggae
23107,07/23107.npy,reggae
23108,08/23108.npy,reggae
23109,09/23109.npy,reggae
23110,10/23110.npy,reggae
23172,72/23172.npy,blues
23193,93/23193.npy,pop
23194,94/23194.npy,pop
23196,96/23196.npy,pop
23197,97/23197.npy,pop
23198,98/23198.npy,pop
23372,72/23372.npy,pop
23373,73/23373.npy,pop
23374,74/23374.npy,pop
23375,75/23375.npy,pop
23376,76/23376.npy,pop
23377,77/23377.npy,pop
23378,78/23378.npy,pop
23379,79/23379.npy,pop
23380,80/23380.npy,pop
23820,20/23820.npy,pop
23821,21/23821.npy,pop
23822,22/23822.npy,pop
23823,23/23823.npy,jazz
23824,24/23824.npy,pop
23826,26/23826.npy,pop
24112,12/24112.npy,pop
24113,13/24113.npy,pop
24114,14/24114.npy,pop
24116,16/24116.npy,pop
24117,17/24117.npy,pop
24118,18/24118.npy,pop
24119,19/24119.npy,pop
24234,34/24234.npy,rock
24235,35/24235.npy,rock
24236,36/24236.npy,rock
24238,38/24238.npy,pop
24242,42/24242.npy,pop
24320,20/24320.npy,classical
24835,35/24835.npy,classical
24836,36/24836.npy,classical
24837,37/24837.npy,classical
24839,39/24839.npy,country
24842,42/24842.npy,classical
24846,46/24846.npy,pop
24847,47/24847.npy,pop
24848,48/24848.npy,pop
24849,49/24849.npy,pop
24850,50/24850.npy,pop
24851,51/24851.npy,pop
24852,52/24852.npy,pop
24853,53/24853.npy,pop
24854,54/24854.npy,pop
24855,55/24855.npy,pop
24856,56/24856.npy,pop
24857,57/24857.npy,pop
25217,17/25217.npy,classical
25218,18/25218.npy,classical
25219,19/25219.npy,classical
25222,22/25222.npy,classical
25223,23/25223.npy,classical
25225,25/25225.npy,classical
25226,26/25226.npy,classical
25227,27/25227.npy,classical
25238,38/25238.npy,classical
25239,39/25239.npy,classical
25240,40/25240.npy,classical
25241,41/25241.npy,classical
25242,42/25242.npy,classical
25243,43/25243.npy,pop
25250,50/25250.npy,classical
25264,64/25264.npy,classical
25266,66/25266.npy,classical
25267,67/25267.npy,rock
25270,70/25270.npy,rock
25271,71/25271.npy,rock
25272,72/25272.npy,rock
25273,73/25273.npy,rock
25274,74/25274.npy,rock
25380,80/25380.npy,classical
25386,86/25386.npy,classical
25543,43/25543.npy,rock
25545,45/25545.npy,pop
25546,46/25546.npy,pop
25706,06/25706.npy,jazz
25708,08/25708.npy,jazz
25877,77/25877.npy,pop
25992,92/25992.npy,pop
26175,75/26175.npy,hiphop
26176,76/26176.npy,hiphop
26178,78/26178.npy,hiphop
26402,02/26402.npy,pop
26403,03/26403.npy,pop
26404,04/26404.npy,pop
26428,28/26428.npy,classical
26429,29/26429.npy,classical
26431,31/26431.npy,classical
26432,32/26432.npy,classical
26434,34/26434.npy,classical
26439,39/26439.npy,classical
26561,61/26561.npy,reggae
26562,62/26562.npy,reggae
26563,63/26563.npy,reggae
26564,64/26564.npy,reggae
26565,65/26565.npy,reggae
26566,66/26566.npy,reggae
26567,67/26567.npy,reggae
26648,48/26648.npy,classical
26736,36/26736.npy,pop
26737,37/26737.npy,pop
26738,38/26738.npy,pop
26739,39/26739.npy,pop
26740,40/26740.npy,pop
26741,41/26741.npy,pop
26742,42/26742.npy,pop
26743,43/26743.npy,pop
26744,44/26744.npy,pop
26745,45/26745.npy,pop
26746,46/26746.npy,pop
26747,47/26747.npy,pop
26748,48/26748.npy,pop
26825,25/26825.npy,pop
26826,26/26826.npy,pop
26827,27/26827.npy,pop
26828,28/26828.npy,pop
26831,31/26831.npy,pop
28102,02/28102.npy,reggae
28103,03/28103.npy,reggae
28104,04/28104.npy,reggae
28109,09/28109.npy,reggae
28110,10/28110.npy,reggae
28112,12/28112.npy,reggae
30221,21/30221.npy,rock
30222,22/30222.npy,rock
30226,26/30226.npy,rock
30227,27/30227.npy,reggae
30259,59/30259.npy,reggae
30260,60/30260.npy,pop
30261,61/30261.npy,pop
30262,62/30262.npy,jazz
30857,57/30857.npy,rock
30858,58/30858.npy,rock
30859,59/30859.npy,rock
30860,60/30860.npy,rock
30861,61/30861.npy,rock
30862,62/30862.npy,rock
30863,63/30863.npy,rock
30864,64/30864.npy,rock
30865,65/30865.npy,rock
30868,68/30868.npy,rock
31292,92/31292.npy,pop
31293,93/31293.npy,pop
31424,24/31424.npy,rock
31425,25/31425.npy,rock
31426,26/31426.npy,rock
31427,27/31427.npy,rock
31428,28/31428.npy,rock
31429,29/31429.npy,rock
31430,30/31430.npy,rock
31431,31/31431.npy,rock
31432,32/31432.npy,rock
31433,33/31433.npy,rock
31434,34/31434.npy,rock
31435,35/31435.npy,rock
31436,36/31436.npy,rock
31492,92/31492.npy,pop
31493,93/31493.npy,pop
31494,94/31494.npy,pop
31501,01/31501.npy,pop
31502,02/31502.npy,pop
31504,04/31504.npy,pop
31505,05/31505.npy,pop
31507,07/31507.npy,pop
31508,08/31508.npy,pop
31509,09/31509.npy,pop
31510,10/31510.npy,pop
31511,11/31511.npy,pop
31512,12/31512.npy,pop
31513,13/31513.npy,pop
31514,14/31514.npy,pop
31517,17/31517.npy,rock
31797,97/31797.npy,rock
31798,98/31798.npy,rock
31799,99/31799.npy,rock
31800,00/31800.npy,rock
31801,01/31801.npy,rock
31973,73/31973.npy,classical
31974,74/31974.npy,classical
31976,76/31976.npy,classical
31977,77/31977.npy,classical
31979,79/31979.npy,classical
31982,82/31982.npy,classical
31983,83/31983.npy,classical
32196,96/32196.npy,rock
32200,00/32200.npy,rock
32202,02/32202.npy,pop
32208,08/32208.npy,pop
32305,05/32305.npy,pop
32317,17/32317.npy,pop
32322,22/32322.npy,rock
32336,36/32336.npy,rock
32352,52/32352.npy,pop
32623,23/32623.npy,pop
32785,85/32785.npy,rock
32786,86/32786.npy,rock
33177,77/33177.npy,pop
33178,78/33178.npy,pop
33179,79/33179.npy,pop
33180,80/33180.npy,pop
33181,81/33181.npy,pop
33182,82/33182.npy,pop
33183,83/33183.npy,pop
33184,84/33184.npy,pop
33487,87/33487.npy,pop
33489,89/33489.npy,pop
33490,90/33490.npy,pop
33491,91/33491.npy,pop
33492,92/33492.npy,pop
33493,93/33493.npy,pop
33494,94/33494.npy,pop
33495,95/33495.npy,pop
33497,97/33497.npy,pop
33498,98/33498.npy,pop
33501,01/33501.npy,pop
33627,27/33627.npy,jazz
33628,28/33628.npy,jazz
33629,29/33629.npy,jazz
33630,30/33630.npy,jazz
33631,31/33631.npy,jazz
33632,32/33632.npy,jazz
33633,33/33633.npy,jazz
33765,65/33765.npy,jazz
33766,66/33766.npy,jazz
33767,67/33767.npy,jazz
33768,68/33768.npy,jazz
33820,20/33820.npy,pop
33821,21/33821.npy,pop
33822,22/33822.npy,pop
33823,23/33823.npy,pop
33824,24/33824.npy,pop
33825,25/33825.npy,pop
33826,26/33826.npy,pop
33827,27/33827.npy,pop
33828,28/33828.npy,pop
33829,29/33829.npy,pop
33830,30/33830.npy,pop
33831,31/33831.npy,pop
33832,32/33832.npy,pop
33833,33/33833.npy,pop
33834,34/33834.npy,pop
33835,35/33835.npy,pop
33836,36/33836.npy,pop
33837,37/33837.npy,pop
34402,02/34402.npy,classical
34403,03/34403.npy,classical
34404,04/34404.npy,classical
34405,05/34405.npy,classical
34407,07/34407.npy,classical
34408,08/34408.npy,classical
34409,09/34409.npy,classical
34410,10/34410.npy,classical
34411,11/34411.npy,classical
34412,12/34412.npy,classical
34413,13/34413.npy,classical
34517,17/34517.npy,jazz
34518,18/34518.npy,jazz
34519,19/34519.npy,jazz
34520,20/34520.npy,jazz
34558,58/34558.npy,jazz
34575,75/34575.npy,jazz
34576,76/34576.npy,jazz
34577,77/34577.npy,jazz
34578,78/34578.npy,jazz
34579,79/34579.npy,jazz
34581,81/34581.npy,jazz
34696,96/34696.npy,rock
34768,68/34768.npy,pop
34806,06/34806.npy,pop
34807,07/34807.npy,pop
34811,11/34811.npy,pop
34816,16/34816.npy,pop
34817,17/34817.npy,pop
34851,51/34851.npy,jazz
34852,52/34852.npy,jazz
34853,53/34853.npy,jazz
34854,54/34854.npy,jazz
34855,55/34855.npy,jazz
34856,56/34856.npy,jazz
34857,57/34857.npy,jazz
34858,58/34858.npy,jazz
34859,59/34859.npy,jazz
34860,60/34860.npy,jazz
34861,61/34861.npy,jazz
35107,07/35107.npy,country
35166,66/35166.npy,pop
35167,67/35167.npy,pop
35168,68/35168.npy,pop
35169,69/35169.npy,pop
35170,70/35170.npy,pop
35171,71/35171.npy,pop
35172,72/35172.npy,pop
35324,24/35324.npy,classical
35338,38/35338.npy,classical
35349,49/35349.npy,pop
35350,50/35350.npy,pop
35351,51/35351.npy,pop
35352,52/35352.npy,pop
35353,53/35353.npy,pop
35385,85/35385.npy,classical
35389,89/35389.npy,classical
35743,43/35743.npy,rock
35744,44/35744.npy,rock
35749,49/35749.npy,rock
36324,24/36324.npy,pop
36325,25/36325.npy,pop
36327,27/36327.npy,pop
36330,30/36330.npy,pop
36332,32/36332.npy,pop
36697,97/36697.npy,classical
36699,99/36699.npy,classical
36700,00/36700.npy,classical
36703,03/36703.npy,classical
37010,10/37010.npy,pop
37423,23/37423.npy,jazz
37425,25/37425.npy,jazz
37426,26/37426.npy,jazz
37689,89/37689.npy,classical
37690,90/37690.npy,pop
37692,92/37692.npy,rock
37693,93/37693.npy,pop
37694,94/37694.npy,pop
37695,95/37695.npy,pop
37696,96/37696.npy,pop
37697,97/37697.npy,pop
37698,98/37698.npy,pop
37699,99/37699.npy,pop
37700,00/37700.npy,pop
37701,01/37701.npy,pop
37702,02/37702.npy,pop
37703,03/37703.npy,pop
37704,04/37704.npy,pop
37705,05/37705.npy,pop
37706,06/37706.npy,pop
37718,18/37718.npy,rock
38122,22/38122.npy,pop
38404,04/38404.npy,rock
38419,19/38419.npy,pop
38568,68/38568.npy,rock
38756,56/38756.npy,hiphop
38758,58/38758.npy,hiphop
38760,60/38760.npy,hiphop
38767,67/38767.npy,classical
38768,68/38768.npy,classical
38769,69/38769.npy,classical
38770,70/38770.npy,classical
38771,71/38771.npy,classical
38772,72/38772.npy,classical
38773,73/38773.npy,classical
38774,74/38774.npy,classical
38775,75/38775.npy,classical
38776,76/38776.npy,classical
38846,46/38846.npy,pop
38849,49/38849.npy,pop
38851,51/38851.npy,pop
38852,52/38852.npy,pop
38854,54/38854.npy,pop
39025,25/39025.npy,rock
39028,28/39028.npy,rock
39036,36/39036.npy,rock
39052,52/39052.npy,rock
39100,00/39100.npy,metal
39101,01/39101.npy,metal
39102,02/39102.npy,metal
39103,03/39103.npy,metal
39104,04/39104.npy,metal
39105,05/39105.npy,metal
39106,06/39106.npy,metal
39107,07/39107.npy,metal
39108,08/39108.npy,metal
39109,09/39109.npy,metal
39110,10/39110.npy,metal
39111,11/39111.npy,metal
39112,12/39112.npy,metal
39954,54/39954.npy,jazz
40318,18/40318.npy,reggae
40320,20/40320.npy,reggae
40417,17/40417.npy,rock
40418,18/40418.npy,rock
40570,70/40570.npy,rock
40781,81/40781.npy,rock
40782,82/40782.npy,rock
40783,83/40783.npy,rock
40784,84/40784.npy,rock
40785,85/40785.npy,rock
41963,63/41963.npy,classical
41965,65/41965.npy,classical
41969,69/41969.npy,classical
41970,70/41970.npy,classical
41977,77/41977.npy,classical
42316,16/42316.npy,rock
42317,17/42317.npy,rock
42318,18/42318.npy,rock
42319,19/42319.npy,rock
42321,21/42321.npy,rock
42323,23/42323.npy,metal
42324,24/42324.npy,metal
42325,25/42325.npy,metal
42326,26/42326.npy,metal
42327,27/42327.npy,metal
42329,29/42329.npy,metal
42331,31/42331.npy,metal
42332,32/42332.npy,metal
42333,33/42333.npy,metal
42334,34/42334.npy,metal
42335,35/42335.npy,metal
42340,40/42340.npy,rock
42341,41/42341.npy,rock
42342,42/42342.npy,rock
42343,43/42343.npy,rock
42344,44/42344.npy,rock
42345,45/42345.npy,rock
42346,46/42346.npy,rock
42347,47/42347.npy,rock
43176,76/43176.npy,rock
43186,86/43186.npy,classical
43411,11/43411.npy,hiphop
43412,12/43412.npy,hiphop
43413,13/43413.npy,hiphop
43415,15/43415.npy,hiphop
43416,16/43416.npy,hiphop
43418,18/43418.npy,hiphop
43419,19/43419.npy,hiphop
43420,20/43420.npy,hiphop
43421,21/43421.npy,hiphop
43423,23/43423.npy,hiphop
43424,24/43424.npy,hiphop
44420,20/44420.npy,rock
44425,25/44425.npy,rock
44426,26/44426.npy,rock
44427,27/44427.npy,rock
44432,32/44432.npy,rock
44433,33/44433.npy,rock
44434,34/44434.npy,rock
44670,70/44670.npy,rock
44672,72/44672.npy,disco
44673,73/44673.npy,rock
44674,74/44674.npy,rock
44715,15/44715.npy,reggae
44716,16/44716.npy,reggae
44717,17/44717.npy,reggae
44718,18/44718.npy,reggae
44719,19/44719.npy,reggae
44720,20/44720.npy,reggae
44721,21/44721.npy,reggae
45500,00/45500.npy,rock
45570,70/45570.npy,rock
45972,72/45972.npy,reggae
45973,73/45973.npy,reggae
45974,74/45974.npy,reggae
45975,75/45975.npy,reggae
45977,77/45977.npy,reggae
45978,78/45978.npy,reggae
45981,81/45981.npy,reggae
45982,82/45982.npy,reggae
46048,48/46048.npy,jazz
46488,88/46488.npy,jazz
46489,89/46489.npy,jazz
46535,35/46535.npy,classical
46536,36/46536.npy,classical
46537,37/46537.npy,classical
46538,38/46538.npy,classical
46539,39/46539.npy,classical
46540,40/46540.npy,classical
46541,41/46541.npy,classical
46542,42/46542.npy,classical
46543,43/46543.npy,classical
46544,44/46544.npy,classical
46545,45/46545.npy,classical
46546,46/46546.npy,classical
46559,59/46559.npy,jazz
46563,63/46563.npy,hiphop
46570,70/46570.npy,classical
46571,71/46571.npy,hiphop
46574,74/46574.npy,hiphop
46716,16/46716.npy,classical
46717,17/46717.npy,classical
46718,18/46718.npy,classical
46719,19/46719.npy,classical
47048,48/47048.npy,rock
47049,49/47049.npy,rock
47050,50/47050.npy,rock
47052,52/47052.npy,rock
47054,54/47054.npy,rock
47390,90/47390.npy,classical
47403,03/47403.npy,classical
47404,04/47404.npy,classical
48059,59/48059.npy,jazz
48060,60/48060.npy,jazz
48061,61/48061.npy,jazz
48062,62/48062.npy,jazz
48063,63/48063.npy,jazz
48064,64/48064.npy,jazz
48065,65/48065.npy,jazz
48066,66/48066.npy,jazz
48067,67/48067.npy,jazz
48068,68/48068.npy,jazz
48069,69/48069.npy,jazz
48070,70/48070.npy,jazz
48071,71/48071.npy,jazz
48072,72/48072.npy,jazz
48073,73/48073.npy,jazz
48076,76/48076.npy,jazz
48077,77/48077.npy,jazz
48078,78/48078.npy,jazz
48079,79/48079.npy,jazz
48581,81/48581.npy,jazz
48582,82/48582.npy,jazz
48583,83/48583.npy,jazz
48584,84/48584.npy,jazz
48585,85/48585.npy,jazz
48586,86/48586.npy,jazz
48587,87/48587.npy,jazz
48588,88/48588.npy,jazz
48589,89/48589.npy,jazz
48590,90/48590.npy,jazz
48591,91/48591.npy,jazz
48592,92/48592.npy,jazz
48593,93/48593.npy,jazz
48594,94/48594.npy,jazz
48595,95/48595.npy,jazz
48596,96/48596.npy,jazz
48597,97/48597.npy,jazz
48598,98/48598.npy,jazz
48719,19/48719.npy,jazz
48720,20/48720.npy,jazz
48721,21/48721.npy,jazz
48722,22/48722.npy,jazz
48723,23/48723.npy,jazz
48724,24/48724.npy,jazz
48725,25/48725.npy,jazz
48726,26/48726.npy,jazz
48727,27/48727.npy,jazz
48845,45/48845.npy,rock
48847,47/48847.npy,rock
49012,12/49012.npy,reggae
49014,14/49014.npy,jazz
49019,19/49019.npy,classical
49020,20/49020.npy,classical
49021,21/49021.npy,classical
49022,22/49022.npy,classical
49023,23/49023.npy,classical
49024,24/49024.npy,classical
49025,25/49025.npy,classical
49026,26/49026.npy,classical
49027,27/49027.npy,classical
49028,28/49028.npy,classical
49029,29/49029.npy,classical
49030,30/49030.npy,classical
49031,31/49031.npy,classical
49032,32/49032.npy,classical
49033,33/49033.npy,classical
49034,34/49034.npy,classical
49035,35/49035.npy,classical
49036,36/49036.npy,classical
49037,37/49037.npy,classical
49038,38/49038.npy,classical
49039,39/49039.npy,classical
49040,40/49040.npy,classical
49041,41/49041.npy,classical
49403,03/49403.npy,blues
49421,21/49421.npy,rock
49553,53/49553.npy,rock
53233,33/53233.npy,reggae
54222,22/54222.npy,disco
54224,24/54224.npy,disco
54225,25/54225.npy,disco
56450,50/56450.npy,jazz
57266,66/57266.npy,jazz
57860,60/57860.npy,jazz
64355,55/64355.npy,rock
64533,33/64533.npy,rock
66676,76/66676.npy,hiphop
66677,77/66677.npy,hiphop
66679,79/66679.npy,hiphop
67322,22/67322.npy,rock
67323,23/67323.npy,rock
67324,24/67324.npy,rock
67325,25/67325.npy,rock
67326,26/67326.npy,rock
67327,27/67327.npy,rock
67328,28/67328.npy,rock
67329,29/67329.npy,rock
67330,30/67330.npy,rock
67331,31/67331.npy,rock
67332,32/67332.npy,rock
67333,33/67333.npy,rock
67334,34/67334.npy,rock
67335,35/67335.npy,rock
68460,60/68460.npy,rock
68461,61/68461.npy,rock
68462,62/68462.npy,rock
68463,63/68463.npy,rock
68464,64/68464.npy,rock
68465,65/68465.npy,rock
68466,66/68466.npy,rock
68467,67/68467.npy,rock
68470,70/68470.npy,rock
69637,37/69637.npy,metal
69638,38/69638.npy,metal
69639,39/69639.npy,metal
69640,40/69640.npy,metal
70991,91/70991.npy,reggae
70994,94/70994.npy,rock
72960,60/72960.npy,classical
72961,61/72961.npy,classical
72962,62/72962.npy,classical
73058,58/73058.npy,hiphop
73059,59/73059.npy,hiphop
73060,60/73060.npy,hiphop
73061,61/73061.npy,hiphop
73062,62/73062.npy,hiphop
73063,63/73063.npy,hiphop
73064,64/73064.npy,hiphop
73065,65/73065.npy,hiphop
73066,66/73066.npy,hiphop
73067,67/73067.npy,hiphop
73068,68/73068.npy,hiphop
73117,17/73117.npy,jazz
73119,19/73119.npy,jazz
73120,20/73120.npy,jazz
73121,21/73121.npy,jazz
73122,22/73122.npy,jazz
73123,23/73123.npy,jazz
73124,24/73124.npy,jazz
73125,25/73125.npy,jazz
73149,49/73149.npy,rock
73985,85/73985.npy,jazz
73986,86/73986.npy,jazz
73987,87/73987.npy,jazz
73988,88/73988.npy,jazz
73989,89/73989.npy,jazz
73990,90/73990.npy,jazz
73991,91/73991.npy,jazz
73992,92/73992.npy,jazz
73993,93/73993.npy,jazz
73994,94/73994.npy,jazz
73995,95/73995.npy,jazz
73996,96/73996.npy,jazz
73997,97/73997.npy,jazz
73998,98/73998.npy,jazz
73999,99/73999.npy,jazz
74000,00/74000.npy,jazz
74001,01/74001.npy,jazz
74480,80/74480.npy,reggae
74481,81/74481.npy,reggae
74482,82/74482.npy,reggae
74483,83/74483.npy,reggae
74484,84/74484.npy,reggae
74693,93/74693.npy,reggae
74703,03/74703.npy,reggae
75002,02/75002.npy,reggae
75003,03/75003.npy,hiphop
75169,69/75169.npy,rock
75170,70/75170.npy,rock
75171,71/75171.npy,rock
75172,72/75172.npy,rock
75174,74/75174.npy,rock
75175,75/75175.npy,rock
75177,77/75177.npy,rock
75179,79/75179.npy,rock
75227,27/75227.npy,rock
75228,28/75228.npy,rock
75229,29/75229.npy,rock
75230,30/75230.npy,rock
75231,31/75231.npy,rock
75232,32/75232.npy,rock
75233,33/75233.npy,rock
75235,35/75235.npy,rock
75307,07/75307.npy,metal
75308,08/75308.npy,metal
75309,09/75309.npy,metal
75310,10/75310.npy,metal
75311,11/75311.npy,metal
75312,12/75312.npy,metal
75313,13/75313.npy,metal
76023,23/76023.npy,jazz
76107,07/76107.npy,metal
76108,08/76108.npy,metal
76109,09/76109.npy,metal
76110,10/76110.npy,metal
76111,11/76111.npy,metal
76112,12/76112.npy,metal
76659,59/76659.npy,rock
76725,25/76725.npy,hiphop
76726,26/76726.npy,hiphop
76728,28/76728.npy,hiphop
76729,29/76729.npy,hiphop
77425,25/77425.npy,jazz
77540,40/77540.npy,classical
77541,41/77541.npy,classical
77542,42/77542.npy,classical
77543,43/77543.npy,classical
77544,44/77544.npy,classical
77545,45/77545.npy,classical
77546,46/77546.npy,classical
77547,47/77547.npy,classical
77734,34/77734.npy,rock
77736,36/77736.npy,rock
77737,37/77737.npy,rock
77762,62/77762.npy,reggae
77763,63/77763.npy,reggae
77764,64/77764.npy,reggae
77765,65/77765.npy,reggae
77766,66/77766.npy,reggae
77767,67/77767.npy,reggae
77926,26/77926.npy,jazz
77927,27/77927.npy,jazz
77928,28/77928.npy,jazz
77929,29/77929.npy,jazz
77930,30/77930.npy,jazz
77931,31/77931.npy,jazz
78103,03/78103.npy,rock
78110,10/78110.npy,rock
78190,90/78190.npy,reggae
78191,91/78191.npy,reggae
78444,44/78444.npy,hiphop
78472,72/78472.npy,hiphop
78473,73/78473.npy,hiphop
78475,75/78475.npy,hiphop
78476,76/78476.npy,hiphop
78477,77/78477.npy,hiphop
78480,80/78480.npy,hiphop
78484,84/78484.npy,hiphop
78487,87/78487.npy,hiphop
80138,38/80138.npy,classical
80795,95/80795.npy,rock
81026,26/81026.npy,classical
81117,17/81117.npy,rock
81118,18/81118.npy,rock
81119,19/81119.npy,rock
81120,20/81120.npy,rock
81121,21/81121.npy,rock
81122,22/81122.npy,rock
81123,23/81123.npy,rock
81124,24/81124.npy,rock
81125,25/81125.npy,rock
81126,26/81126.npy,rock
81127,27/81127.npy,rock
81128,28/81128.npy,rock
81129,29/81129.npy,rock
81179,79/81179.npy,hiphop
81181,81/81181.npy,hiphop
81183,83/81183.npy,hiphop
81188,88/81188.npy,hiphop
81189,89/81189.npy,hiphop
81190,90/81190.npy,hiphop
81196,96/81196.npy,hiphop
81202,02/81202.npy,hiphop
81206,06/81206.npy,hiphop
81214,14/81214.npy,hiphop
81215,15/81215.npy,hiphop
81266,66/81266.npy,hiphop
81283,83/81283.npy,hiphop
81284,84/81284.npy,hiphop
81287,87/81287.npy,hiphop
81288,88/81288.npy,hiphop
81289,89/81289.npy,hiphop
81364,64/81364.npy,jazz
81365,65/81365.npy,rock
81476,76/81476.npy,metal
81485,85/81485.npy,metal
81503,03/81503.npy,jazz
81504,04/81504.npy,jazz
81505,05/81505.npy,jazz
81506,06/81506.npy,jazz
81507,07/81507.npy,jazz
81508,08/81508.npy,jazz
81509,09/81509.npy,jazz
81510,10/81510.npy,jazz
81706,06/81706.npy,classical
81707,07/81707.npy,classical
81708,08/81708.npy,classical
81709,09/81709.npy,classical
81710,10/81710.npy,classical
81711,11/81711.npy,classical
81712,12/81712.npy,classical
81713,13/81713.npy,classical
81714,14/81714.npy,classical
81746,46/81746.npy,rock
81747,47/81747.npy,rock
81792,92/81792.npy,rock
81800,00/81800.npy,jazz
81801,01/81801.npy,jazz
81802,02/81802.npy,jazz
81803,03/81803.npy,jazz
81804,04/81804.npy,jazz
81805,05/81805.npy,jazz
81806,06/81806.npy,jazz
81807,07/81807.npy,jazz
81808,08/81808.npy,jazz
81809,09/81809.npy,jazz
81810,10/81810.npy,jazz
81811,11/81811.npy,jazz
81812,12/81812.npy,jazz
81813,13/81813.npy,jazz
81814,14/81814.npy,jazz
81815,15/81815.npy,jazz
82064,64/82064.npy,rock
82066,66/82066.npy,rock
82067,67/82067.npy,rock
82068,68/82068.npy,rock
82071,71/82071.npy,rock
82108,08/82108.npy,rock
82111,11/82111.npy,rock
82123,23/82123.npy,rock
82124,24/82124.npy,rock
82127,27/82127.npy,rock
82250,50/82250.npy,rock
82301,01/82301.npy,rock
82317,17/82317.npy,rock
82318,18/82318.npy,rock
82319,19/82319.npy,rock
82321,21/82321.npy,rock
82322,22/82322.npy,rock
82629,29/82629.npy,rock
82630,30/82630.npy,rock
82631,31/82631.npy,rock
82632,32/82632.npy,rock
82634,34/82634.npy,rock
82635,35/82635.npy,rock
82804,04/82804.npy,rock
82805,05/82805.npy,rock
82806,06/82806.npy,rock
82807,07/82807.npy,rock
82808,08/82808.npy,rock
82811,11/82811.npy,rock
82812,12/82812.npy,rock
83131,31/83131.npy,rock
83132,32/83132.npy,rock
83166,66/83166.npy,jazz
83219,19/83219.npy,jazz
83220,20/83220.npy,jazz
83221,21/83221.npy,jazz
83222,22/83222.npy,jazz
83245,45/83245.npy,jazz
83246,46/83246.npy,rock
83247,47/83247.npy,rock
83259,59/83259.npy,rock
83287,87/83287.npy,jazz
83296,96/83296.npy,jazz
83307,07/83307.npy,jazz
83312,12/83312.npy,jazz
83346,46/83346.npy,rock
84117,17/84117.npy,rock
84121,21/84121.npy,rock
84122,22/84122.npy,rock
84494,94/84494.npy,reggae
84495,95/84495.npy,reggae
84496,96/84496.npy,reggae
84497,97/84497.npy,reggae
84498,98/84498.npy,reggae
84561,61/84561.npy,rock
84563,63/84563.npy,rock
87483,83/87483.npy,disco
87488,88/87488.npy,classical
87893,93/87893.npy,classical
88187,87/88187.npy,classical
88214,14/88214.npy,classical
88462,62/88462.npy,jazz
88557,57/88557.npy,jazz
90031,31/90031.npy,metal
90033,33/90033.npy,metal
90034,34/90034.npy,metal
90048,48/90048.npy,rock
90063,63/90063.npy,rock
90064,64/90064.npy,rock
90066,66/90066.npy,rock
90069,69/90069.npy,rock
90118,18/90118.npy,reggae
90119,19/90119.npy,reggae
90121,21/90121.npy,reggae
90125,25/90125.npy,reggae
90131,31/90131.npy,reggae
90135,35/90135.npy,rock
90138,38/90138.npy,reggae
90818,18/90818.npy,hiphop
91479,79/91479.npy,metal
91485,85/91485.npy,metal
91521,21/91521.npy,metal
91531,31/91531.npy,metal
91596,96/91596.npy,rock
91810,10/91810.npy,classical
91820,20/91820.npy,classical
91821,21/91821.npy,classical
91822,22/91822.npy,classical
91823,23/91823.npy,classical
91824,24/91824.npy,classical
91825,25/91825.npy,classical
91826,26/91826.npy,classical
92377,77/92377.npy,hiphop
93183,83/93183.npy,jazz
93189,89/93189.npy,jazz
93208,08/93208.npy,jazz
93311,11/93311.npy,jazz
93563,63/93563.npy,rock
93564,64/93564.npy,rock
93618,18/93618.npy,rock
93628,28/93628.npy,rock
93652,52/93652.npy,classical
94005,05/94005.npy,rock
94027,27/94027.npy,hiphop
94700,00/94700.npy,jazz
94704,04/94704.npy,jazz
94708,08/94708.npy,jazz
95109,09/95109.npy,jazz
95119,19/95119.npy,jazz
95237,37/95237.npy,jazz
95366,66/95366.npy,metal
95393,93/95393.npy,metal
95408,08/95408.npy,classical
95412,12/95412.npy,metal
95463,63/95463.npy,metal
95545,45/95545.npy,jazz
95612,12/95612.npy,rock
95641,41/95641.npy,classical
96712,12/96712.npy,hiphop
96815,15/96815.npy,jazz
96887,87/96887.npy,jazz
96894,94/96894.npy,jazz
96897,97/96897.npy,classical
98069,69/98069.npy,rock
98070,70/98070.npy,rock
98071,71/98071.npy,rock
98251,51/98251.npy,rock
99527,27/99527.npy,rock
99660,60/99660.npy,rock
100603,03/100603.npy,country
100610,10/100610.npy,country
100623,23/100623.npy,country
100642,42/100642.npy,country
100654,54/100654.npy,rock
100659,59/100659.npy,rock
100991,91/100991.npy,rock
100992,92/100992.npy,rock
103070,70/103070.npy,metal
103071,71/103071.npy,metal
103072,72/103072.npy,metal
103074,74/103074.npy,metal
103075,75/103075.npy,metal
103076,76/103076.npy,metal
103077,77/103077.npy,metal
103078,78/103078.npy,metal
103079,79/103079.npy,metal
103080,80/103080.npy,metal
103081,81/103081.npy,metal
103082,82/103082.npy,metal
103083,83/103083.npy,metal
103084,84/103084.npy,metal
103085,85/103085.npy,metal
103086,86/103086.npy,metal
103087,87/103087.npy,metal
103088,88/103088.npy,metal
103089,89/103089.npy,metal
103090,90/103090.npy,metal
103091,91/103091.npy,metal
106829,29/106829.npy,classical
107872,72/107872.npy,jazz
108446,46/108446.npy,metal
108451,51/108451.npy,metal
108453,53/108453.npy,metal
108459,59/108459.npy,metal
108460,60/108460.npy,metal
108466,66/108466.npy,metal
108480,80/108480.npy,metal
109259,59/109259.npy,jazz
109962,62/109962.npy,classical
110635,35/110635.npy,classical
110654,54/110654.npy,classical
110656,56/110656.npy,classical
111038,38/111038.npy,hiphop
111040,40/111040.npy,hiphop
111062,62/111062.npy,hiphop
111073,73/111073.npy,hiphop
111084,84/111084.npy,hiphop
111121,21/111121.npy,hiphop
111126,26/111126.npy,hiphop
111128,28/111128.npy,hiphop
111957,57/111957.npy,reggae
112990,90/112990.npy,reggae
112991,91/112991.npy,reggae
113135,35/113135.npy,classical
113848,48/113848.npy,classical
113857,57/113857.npy,classical
114765,65/114765.npy,jazz
114772,72/114772.npy,jazz
114773,73/114773.npy,jazz
114780,80/114780.npy,jazz
114781,81/114781.npy,jazz
114794,94/114794.npy,jazz
114924,24/114924.npy,jazz
115119,19/115119.npy,metal
116103,03/116103.npy,disco
116104,04/116104.npy,disco
116105,05/116105.npy,disco
116106,06/116106.npy,disco
116107,07/116107.npy,disco
116108,08/116108.npy,disco
116109,09/116109.npy,disco
117790,90/117790.npy,disco
117961,61/117961.npy,reggae
117962,62/117962.npy,reggae
117963,63/117963.npy,reggae
117964,64/117964.npy,reggae
117966,66/117966.npy,reggae
117967,67/117967.npy,reggae
117968,68/117968.npy,reggae
117970,70/117970.npy,reggae
118534,34/118534.npy,hiphop
118773,73/118773.npy,jazz
118774,74/118774.npy,jazz
118775,75/118775.npy,jazz
118776,76/118776.npy,jazz
118777,77/118777.npy,jazz
118778,78/118778.npy,jazz
118779,79/118779.npy,jazz
118887,87/118887.npy,hiphop
118888,88/118888.npy,hiphop
118890,90/118890.npy,hiphop
118895,95/118895.npy,hiphop
119342,42/119342.npy,jazz
120555,55/120555.npy,reggae
120556,56/120556.npy,reggae
120557,57/120557.npy,reggae
120858,58/120858.npy,classical
120859,59/120859.npy,classical
120920,20/120920.npy,classical
121074,74/121074.npy,jazz
121088,88/121088.npy,jazz
121123,23/121123.npy,jazz
121128,28/121128.npy,jazz
121140,40/121140.npy,jazz
121355,55/121355.npy,hiphop
121359,59/121359.npy,hiphop
121368,68/121368.npy,hiphop
123435,35/123435.npy,jazz
123612,12/123612.npy,hiphop
123668,68/123668.npy,classical
123730,30/123730.npy,classical
124476,76/124476.npy,hiphop
128088,88/128088.npy,classical
128211,11/128211.npy,blues
128368,68/128368.npy,classical
128834,34/128834.npy,jazz
128844,44/128844.npy,jazz
128852,52/128852.npy,jazz
128861,61/128861.npy,jazz
128880,80/128880.npy,hiphop
128881,81/128881.npy,hiphop
128882,82/128882.npy,hiphop
128883,83/128883.npy,hiphop
128886,86/128886.npy,hiphop
128912,12/128912.npy,classical
129452,52/129452.npy,classical
129962,62/129962.npy,reggae
129965,65/129965.npy,country
129966,66/129966.npy,country
129967,67/129967.npy,country
129978,78/129978.npy,hiphop
130374,74/130374.npy,country
130375,75/130375.npy,country
130376,76/130376.npy,country
130377,77/130377.npy,country
130378,78/130378.npy,country
130612,12/130612.npy,hiphop
132316,16/132316.npy,classical
132551,51/132551.npy,classical
132851,51/132851.npy,reggae
132867,67/132867.npy,jazz
132868,68/132868.npy,jazz
132869,69/132869.npy,jazz
132870,70/132870.npy,jazz
132871,71/132871.npy,jazz
132873,73/132873.npy,reggae
132890,90/132890.npy,hiphop
132896,96/132896.npy,reggae
132901,01/132901.npy,hiphop
132911,11/132911.npy,hiphop
132924,24/132924.npy,reggae
132935,35/132935.npy,reggae
132940,40/132940.npy,reggae
132948,48/132948.npy,reggae
133288,88/133288.npy,classical
133963,63/133963.npy,classical
133966,66/133966.npy,classical
134120,20/134120.npy,jazz
134148,48/134148.npy,jazz
134150,50/134150.npy,jazz
134387,87/134387.npy,jazz
134419,19/134419.npy,classical
134459,59/134459.npy,classical
134477,77/134477.npy,reggae
134571,71/134571.npy,classical
134738,38/134738.npy,country
134739,39/134739.npy,country
134754,54/134754.npy,country
134777,77/134777.npy,country
134790,90/134790.npy,country
134799,99/134799.npy,country
134849,49/134849.npy,reggae
135236,36/135236.npy,country
135237,37/135237.npy,country
135241,41/135241.npy,country
135244,44/135244.npy,country
135427,27/135427.npy,classical
135833,33/135833.npy,reggae
135876,76/135876.npy,classical
136457,57/136457.npy,classical
136597,97/136597.npy,classical
136817,17/136817.npy,classical
136826,26/136826.npy,classical
136835,35/136835.npy,classical
136839,39/136839.npy,classical
136840,40/136840.npy,classical
136846,46/136846.npy,classical
136851,51/136851.npy,classical
137156,56/137156.npy,classical
137208,08/137208.npy,classical
137426,26/137426.npy,classical
138170,70/138170.npy,classical
138944,44/138944.npy,classical
139088,88/139088.npy,metal
139511,11/139511.npy,classical
139513,13/139513.npy,classical
139517,17/139517.npy,classical
139739,39/139739.npy,classical
140529,29/140529.npy,blues
140626,26/140626.npy,classical
141381,81/141381.npy,classical
141731,31/141731.npy,classical
142819,19/142819.npy,classical
143349,49/143349.npy,classical
143354,54/143354.npy,classical
143355,55/143355.npy,classical
143448,48/143448.npy,classical
143828,28/143828.npy,classical
144241,41/144241.npy,classical
144651,51/144651.npy,classical
145175,75/145175.npy,classical
145181,81/145181.npy,classical
145232,32/145232.npy,classical
145233,33/145233.npy,classical
145287,87/145287.npy,classical
145304,04/145304.npy,classical
145731,31/145731.npy,classical
145732,32/145732.npy,classical
145733,33/145733.npy,classical
146044,44/146044.npy,classical
146489,89/146489.npy,classical
146584,84/146584.npy,classical
146585,85/146585.npy,classical
146586,86/146586.npy,classical
146587,87/146587.npy,classical
146588,88/146588.npy,classical
146589,89/146589.npy,classical
146590,90/146590.npy,classical
146591,91/146591.npy,classical
146956,56/146956.npy,classical
147193,93/147193.npy,classical
147198,98/147198.npy,reggae
147203,03/147203.npy,reggae
147409,09/147409.npy,classical
147432,32/147432.npy,classical
147486,86/147486.npy,classical
147504,04/147504.npy,classical
147514,14/147514.npy,classical
147594,94/147594.npy,classical
147595,95/147595.npy,classical
147596,96/147596.npy,classical
147597,97/147597.npy,classical
147664,64/147664.npy,classical
147665,65/147665.npy,classical
147666,66/147666.npy,classical
147667,67/147667.npy,classical
147668,68/147668.npy,classical
147669,69/147669.npy,classical
147711,11/147711.npy,classical
147712,12/147712.npy,classical
147713,13/147713.npy,classical
147714,14/147714.npy,classical
147715,15/147715.npy,classical
147739,39/147739.npy,classical
148237,37/148237.npy,classical
148248,48/148248.npy,classical
148359,59/148359.npy,reggae
148360,60/148360.npy,reggae
149288,88/149288.npy,classical
149487,87/149487.npy,classical
149489,89/149489.npy,classical
149490,90/149490.npy,classical
149491,91/149491.npy,classical
150781,81/150781.npy,classical
150783,83/150783.npy,classical
150786,86/150786.npy,classical
150789,89/150789.npy,classical
150790,90/150790.npy,classical
150791,91/150791.npy,classical
150792,92/150792.npy,classical
150793,93/150793.npy,classical
150798,98/150798.npy,classical
150803,03/150803.npy,classical
150810,10/150810.npy,classical
150818,18/150818.npy,classical
150827,27/150827.npy,classical
150835,35/150835.npy,classical
150861,61/150861.npy,classical
150915,15/150915.npy,classical
150943,43/150943.npy,classical
150944,44/150944.npy,classical
150945,45/150945.npy,classical
150949,49/150949.npy,classical
150951,51/150951.npy,classical
150952,52/150952.npy,classical
150953,53/150953.npy,classical
150954,54/150954.npy,classical
150955,55/150955.npy,classical
150958,58/150958.npy,classical
150959,59/150959.npy,classical
150961,61/150961.npy,classical
150962,62/150962.npy,classical
150963,63/150963.npy,classical
150965,65/150965.npy,classical
151015,15/151015.npy,classical
151016,16/151016.npy,classical
151017,17/151017.npy,classical
151018,18/151018.npy,classical
151019,19/151019.npy,classical
151020,20/151020.npy,classical
151021,21/151021.npy,classical
151022,22/151022.npy,classical
151023,23/151023.npy,classical
153054,54/153054.npy,reggae
153742,42/153742.npy,metal
153959,59/153959.npy,hiphop
153960,60/153960.npy,hiphop
153967,67/153967.npy,hiphop
153973,73/153973.npy,hiphop
153974,74/153974.npy,hiphop
154632,32/154632.npy,jazz
154633,33/154633.npy,jazz
154635,35/154635.npy,jazz
154636,36/154636.npy,jazz
154637,37/154637.npy,jazz
154638,38/154638.npy,jazz
155248,48/155248.npy,jazz
155955,55/155955.npy,hiphop
156947,47/156947.npy,hiphop
156953,53/156953.npy,hiphop
156957,57/156957.npy,hiphop
156959,59/156959.npy,hiphop
156962,62/156962.npy,hiphop
156963,63/156963.npy,hiphop
156964,64/156964.npy,hiphop
156965,65/156965.npy,hiphop
156967,67/156967.npy,hiphop
156968,68/156968.npy,hiphop
156969,69/156969.npy,hiphop
156970,70/156970.npy,hiphop
156971,71/156971.npy,hiphop
158351,51/158351.npy,jazz
159014,14/159014.npy,jazz
159189,89/159189.npy,metal
159191,91/159191.npy,metal
159197,97/159197.npy,metal
159198,98/159198.npy,metal
159199,99/159199.npy,metal
159200,00/159200.npy,metal
159201,01/159201.npy,metal
159203,03/159203.npy,metal
159204,04/159204.npy,metal
159330,30/159330.npy,hiphop
161535,35/161535.npy,jazz
161537,37/161537.npy,jazz
161538,38/161538.npy,jazz
161539,39/161539.npy,jazz
161540,40/161540.npy,jazz
161541,41/161541.npy,jazz
161542,42/161542.npy,jazz
161543,43/161543.npy,jazz
161546,46/161546.npy,jazz
166312,12/166312.npy,jazz
166333,33/166333.npy,jazz
166334,34/166334.npy,jazz
166335,35/166335.npy,jazz
166336,36/166336.npy,jazz
166337,37/166337.npy,jazz
166338,38/166338.npy,jazz
166339,39/166339.npy,jazz
166340,40/166340.npy,jazz
166341,41/166341.npy,jazz
166409,09/166409.npy,jazz
166421,21/166421.npy,hiphop
166423,23/166423.npy,hiphop
166448,48/166448.npy,reggae
166577,77/166577.npy,country
166594,94/166594.npy,reggae
166604,04/166604.npy,blues
167559,59/167559.npy,jazz
168644,44/168644.npy,reggae
168656,56/168656.npy,reggae
168666,66/168666.npy,reggae
168674,74/168674.npy,reggae
168698,98/168698.npy,jazz
168966,66/168966.npy,hiphop
168997,97/168997.npy,jazz
169047,47/169047.npy,hiphop
169225,25/169225.npy,metal
169229,29/169229.npy,metal
170946,46/170946.npy,jazz
170948,48/170948.npy,jazz
170949,49/170949.npy,jazz
172015,15/172015.npy,hiphop
172016,16/172016.npy,hiphop
172017,17/172017.npy,hiphop
172018,18/172018.npy,hiphop
172021,21/172021.npy,hiphop
172023,23/172023.npy,hiphop
172025,25/172025.npy,hiphop
172030,30/172030.npy,hiphop
172031,31/172031.npy,hiphop
172409,09/172409.npy,metal
172411,11/172411.npy,metal
172413,13/172413.npy,metal
172414,14/172414.npy,metal
172415,15/172415.npy,metal
172416,16/172416.npy,metal
172417,17/172417.npy,metal
172420,20/172420.npy,metal
172423,23/172423.npy,metal
172424,24/172424.npy,metal
172643,43/172643.npy,jazz
172646,46/172646.npy,jazz
172647,47/172647.npy,jazz
175345,45/175345.npy,jazz
176525,25/176525.npy,metal
178032,32/178032.npy,hiphop
178038,38/178038.npy,hiphop
178040,40/178040.npy,hiphop
178625,25/178625.npy,metal
178631,31/178631.npy,reggae
178680,80/178680.npy,metal
178681,81/178681.npy,metal
179535,35/179535.npy,hiphop
179536,36/179536.npy,hiphop
179537,37/179537.npy,hiphop
179538,38/179538.npy,hiphop
179539,39/179539.npy,hiphop
179540,40/179540.npy,hiphop
179541,41/179541.npy,hiphop
179542,42/179542.npy,hiphop
179543,43/179543.npy,hiphop
179544,44/179544.npy,hiphop
179545,45/179545.npy,hiphop
179546,46/179546.npy,hiphop
179626,26/179626.npy,country
179675,75/179675.npy,hiphop
179678,78/179678.npy,hiphop
179683,83/179683.npy,reggae
179684,84/179684.npy,hiphop
179686,86/179686.npy,hiphop
180499,99/180499.npy,hiphop
180932,32/180932.npy,country
180952,52/180952.npy,country
181425,25/181425.npy,metal
181426,26/181426.npy,metal
181427,27/181427.npy,metal
181430,30/181430.npy,metal
181449,49/181449.npy,metal
181454,54/181454.npy,metal
181555,55/181555.npy,hiphop
182038,38/182038.npy,jazz
182065,65/182065.npy,jazz
185243,43/185243.npy,hiphop
185244,44/185244.npy,hiphop
186328,28/186328.npy,jazz
186530,30/186530.npy,country
186553,53/186553.npy,jazz
186559,59/186559.npy,hiphop
187464,64/187464.npy,reggae
187465,65/187465.npy,reggae
187466,66/187466.npy,reggae
187467,67/187467.npy,reggae
187470,70/187470.npy,reggae
187471,71/187471.npy,reggae
187511,11/187511.npy,reggae
189141,41/189141.npy,metal
189589,89/189589.npy,jazz
189630,30/189630.npy,hiphop
190863,63/190863.npy,hiphop
190864,64/190864.npy,hiphop
190867,67/190867.npy,hiphop
190869,69/190869.npy,hiphop
190871,71/190871.npy,hiphop
190872,72/190872.npy,hiphop
192236,36/192236.npy,blues
193905,05/193905.npy,hiphop
193910,10/193910.npy,hiphop
194893,93/194893.npy,hiphop
194897,97/194897.npy,hiphop
194907,07/194907.npy,hiphop
194922,22/194922.npy,hiphop
194927,27/194927.npy,hiphop
194931,31/194931.npy,hiphop
194942,42/194942.npy,hiphop
194952,52/194952.npy,hiphop
194958,58/194958.npy,hiphop
194962,62/194962.npy,hiphop
194983,83/194983.npy,hiphop
194989,89/194989.npy,hiphop
195105,05/195105.npy,disco
196306,06/196306.npy,hiphop
196320,20/196320.npy,hiphop
197855,55/197855.npy,jazz
199300,00/199300.npy,hiphop
199332,32/199332.npy,hiphop
199333,33/199333.npy,hiphop
199334,34/199334.npy,hiphop
199336,36/199336.npy,hiphop
199354,54/199354.npy,hiphop
199355,55/199355.npy,hiphop
199356,56/199356.npy,hiphop
199358,58/199358.npy,hiphop
199364,64/199364.npy,hiphop
199377,77/199377.npy,hiphop
200050,50/200050.npy,metal
200627,27/200627.npy,reggae
200629,29/200629.npy,reggae
201612,12/201612.npy,hiphop
202261,61/202261.npy,jazz
202998,98/202998.npy,hiphop
203673,73/203673.npy,jazz
203676,76/203676.npy,jazz
203683,83/203683.npy,jazz
203686,86/203686.npy,jazz
203692,92/203692.npy,jazz
203705,05/203705.npy,jazz
206712,12/206712.npy,reggae
207774,74/207774.npy,reggae
207779,79/207779.npy,reggae
207786,86/207786.npy,reggae
207811,11/207811.npy,reggae
207812,12/207812.npy,reggae
207996,96/207996.npy,reggae
208021,21/208021.npy,reggae
208032,32/208032.npy,reggae
208109,09/208109.npy,reggae
208133,33/208133.npy,reggae
208148,48/208148.npy,reggae
209601,01/209601.npy,hiphop
209622,22/209622.npy,disco
210643,43/210643.npy,jazz
211821,21/211821.npy,jazz
211832,32/211832.npy,jazz
211988,88/211988.npy,hiphop
213884,84/213884.npy,metal
213886,86/213886.npy,metal
213898,98/213898.npy,metal
217416,16/217416.npy,metal
217683,83/217683.npy,hiphop
217684,84/217684.npy,hiphop
217685,85/217685.npy,hiphop
217686,86/217686.npy,hiphop
217689,89/217689.npy,hiphop
217690,90/217690.npy,hiphop
217691,91/217691.npy,hiphop
217692,92/217692.npy,hiphop
217698,98/217698.npy,hiphop
218031,31/218031.npy,jazz
220101,01/220101.npy,metal
223467,67/223467.npy,disco
223469,69/223469.npy,disco
223470,70/223470.npy,disco
223471,71/223471.npy,disco
223895,95/223895.npy,hiphop
223901,01/223901.npy,hiphop
223910,10/223910.npy,hiphop
223917,17/223917.npy,hiphop
224711,11/224711.npy,hiphop
225362,62/225362.npy,disco
225363,63/225363.npy,disco
225364,64/225364.npy,disco
225365,65/225365.npy,disco
225366,66/225366.npy,disco
225481,81/225481.npy,disco
225485,85/225485.npy,reggae
225773,73/225773.npy,hiphop
225774,74/225774.npy,hiphop
225775,75/225775.npy,hiphop
225776,76/225776.npy,hiphop
225777,77/225777.npy,hiphop
225778,78/225778.npy,hiphop
225779,79/225779.npy,hiphop
225780,80/225780.npy,hiphop
225782,82/225782.npy,hiphop
225783,83/225783.npy,hiphop
225784,84/225784.npy,hiphop
225785,85/225785.npy,hiphop
226029,29/226029.npy,jazz
226252,52/226252.npy,jazz
231891,91/231891.npy,hiphop
231930,30/231930.npy,reggae
234660,60/234660.npy,reggae
234661,61/234661.npy,reggae
234662,62/234662.npy,reggae
236416,16/236416.npy,jazz
237124,24/237124.npy,metal
237125,25/237125.npy,metal
237126,26/237126.npy,metal
237127,27/237127.npy,metal
242921,21/242921.npy,hiphop
243803,03/243803.npy,jazz
244025,25/244025.npy,jazz
244521,21/244521.npy,jazz
244524,24/244524.npy,jazz
245017,17/245017.npy,hiphop
245786,86/245786.npy,disco
246923,23/246923.npy,country
247420,20/247420.npy,hiphop
247556,56/247556.npy,jazz
247818,18/247818.npy,jazz
248404,04/248404.npy,jazz
248493,93/248493.npy,disco
249989,89/249989.npy,jazz
249996,96/249996.npy,reggae
256924,24/256924.npy,metal
257033,33/257033.npy,metal
259911,11/259911.npy,hiphop
259912,12/259912.npy,hiphop
259913,13/259913.npy,hiphop
259914,14/259914.npy,hiphop
259915,15/259915.npy,hiphop
259916,16/259916.npy,hiphop
259917,17/259917.npy,hiphop
259918,18/259918.npy,hiphop
259922,22/259922.npy,hiphop
259923,23/259923.npy,hiphop
259924,24/259924.npy,hiphop
259925,25/259925.npy,hiphop
259926,26/259926.npy,hiphop
259927,27/259927.npy,hiphop
259928,28/259928.npy,hiphop
259929,29/259929.npy,hiphop
259930,30/259930.npy,hiphop
259931,31/259931.npy,hiphop
259933,33/259933.npy,hiphop
259934,34/259934.npy,hiphop
259935,35/259935.npy,hiphop
259957,57/259957.npy,jazz
260295,95/260295.npy,jazz
260311,11/260311.npy,blues
261812,12/261812.npy,jazz
261819,19/261819.npy,jazz
262577,77/262577.npy,reggae
262610,10/262610.npy,reggae
262623,23/262623.npy,reggae
262632,32/262632.npy,reggae
262802,02/262802.npy,reggae
262824,24/262824.npy,reggae
263385,85/263385.npy,reggae
263660,60/263660.npy,reggae
263674,74/263674.npy,reggae
263695,95/263695.npy,reggae
263987,87/263987.npy,metal
263988,88/263988.npy,metal
263989,89/263989.npy,metal
263990,90/263990.npy,metal
263991,91/263991.npy,metal
263992,92/263992.npy,metal
264032,32/264032.npy,metal
264033,33/264033.npy,metal
264049,49/264049.npy,metal
264050,50/264050.npy,metal
264329,29/264329.npy,hiphop
264446,46/264446.npy,hiphop
264448,48/264448.npy,hiphop
264475,75/264475.npy,hiphop
264477,77/264477.npy,hiphop
268258,58/268258.npy,metal
268310,10/268310.npy,metal
268681,81/268681.npy,country
272148,48/272148.npy,hiphop
273185,85/273185.npy,metal
273276,76/273276.npy,metal
273605,05/273605.npy,reggae
273606,06/273606.npy,reggae
273608,08/273608.npy,reggae
273610,10/273610.npy,reggae
273612,12/273612.npy,reggae
273613,13/273613.npy,reggae
273614,14/273614.npy,reggae
273615,15/273615.npy,reggae
273616,16/273616.npy,reggae
273617,17/273617.npy,reggae
273618,18/273618.npy,reggae
273619,19/273619.npy,reggae
276187,87/276187.npy,metal
278938,38/278938.npy,metal
278939,39/278939.npy,metal
279125,25/279125.npy,metal
279475,75/279475.npy,reggae
287645,45/287645.npy,hiphop
287669,69/287669.npy,hiphop
287676,76/287676.npy,hiphop
287680,80/287680.npy,hiphop
287701,01/287701.npy,hiphop
288278,78/288278.npy,disco
288279,79/288279.npy,disco
288281,81/288281.npy,disco
288295,95/288295.npy,reggae
288739,39/288739.npy,disco
295780,80/295780.npy,hiphop
295811,11/295811.npy,hiphop
295815,15/295815.npy,hiphop
295818,18/295818.npy,hiphop
302962,62/302962.npy,metal
307926,26/307926.npy,metal
307928,28/307928.npy,metal
308251,51/308251.npy,hiphop
308254,54/308254.npy,hiphop
308262,62/308262.npy,hiphop
308264,64/308264.npy,hiphop
311274,74/311274.npy,hiphop
311275,75/311275.npy,hiphop
311276,76/311276.npy,hiphop
311277,77/311277.npy,hiphop
311386,86/311386.npy,metal
311394,94/311394.npy,hiphop
311395,95/311395.npy,hiphop
311396,96/311396.npy,hiphop
311397,97/311397.npy,hiphop
311398,98/311398.npy,hiphop
311399,99/311399.npy,hiphop
311400,00/311400.npy,hiphop
311401,01/311401.npy,hiphop
311402,02/311402.npy,hiphop
311403,03/311403.npy,hiphop
311404,04/311404.npy,hiphop
311406,06/311406.npy,hiphop
311545,45/311545.npy,hiphop
311931,31/311931.npy,reggae
311966,66/311966.npy,reggae
311997,97/311997.npy,reggae
311998,98/311998.npy,reggae
311999,99/311999.npy,reggae
312080,80/312080.npy,reggae
312673,73/312673.npy,hiphop
312674,74/312674.npy,hiphop
312675,75/312675.npy,hiphop
312680,80/312680.npy,hiphop
312682,82/312682.npy,hiphop
312687,87/312687.npy,reggae
313729,29/313729.npy,metal
315319,19/315319.npy,reggae
315320,20/315320.npy,reggae
315321,21/315321.npy,reggae
315322,22/315322.npy,reggae
318079,79/318079.npy,disco
318080,80/318080.npy,disco
318082,82/318082.npy,disco
318083,83/318083.npy,disco
318084,84/318084.npy,disco
318958,58/318958.npy,hiphop
318965,65/318965.npy,hiphop
320806,06/320806.npy,reggae
320807,07/320807.npy,blues
320808,08/320808.npy,reggae
320894,94/320894.npy,reggae
320958,58/320958.npy,blues
321034,34/321034.npy,reggae
321049,49/321049.npy,reggae
322356,56/322356.npy,metal
322358,58/322358.npy,metal
322359,59/322359.npy,metal
323684,84/323684.npy,hiphop
327528,28/327528.npy,blues
327529,29/327529.npy,blues
327531,31/327531.npy,blues
327534,34/327534.npy,blues
327535,35/327535.npy,blues
327536,36/327536.npy,blues
327537,37/327537.npy,blues
327539,39/327539.npy,blues
327722,22/327722.npy,hiphop
327728,28/327728.npy,hiphop
327812,12/327812.npy,hiphop
328648,48/328648.npy,hiphop
328649,49/328649.npy,hiphop
328650,50/328650.npy,hiphop
328652,52/328652.npy,hiphop
328653,53/328653.npy,hiphop
328654,54/328654.npy,hiphop
330248,48/330248.npy,hiphop
330506,06/330506.npy,hiphop
334350,50/334350.npy,blues
334351,51/334351.npy,blues
334352,52/334352.npy,blues
334356,56/334356.npy,blues
334357,57/334357.npy,blues
334358,58/334358.npy,blues
335268,68/335268.npy,disco
335303,03/335303.npy,disco
337980,80/337980.npy,reggae
337995,95/337995.npy,reggae
338399,99/338399.npy,hiphop
338457,57/338457.npy,reggae
338463,63/338463.npy,reggae
338493,93/338493.npy,reggae
338494,94/338494.npy,reggae
338495,95/338495.npy,reggae
338496,96/338496.npy,reggae
338498,98/338498.npy,reggae
338499,99/338499.npy,reggae
338502,02/338502.npy,reggae
338504,04/338504.npy,reggae
338506,06/338506.npy,reggae
338507,07/338507.npy,reggae
338513,13/338513.npy,reggae
338514,14/338514.npy,reggae
338516,16/338516.npy,reggae
338517,17/338517.npy,reggae
338518,18/338518.npy,reggae
339037,37/339037.npy,hiphop
339113,13/339113.npy,metal
339120,20/339120.npy,metal
339421,21/339421.npy,metal
339422,22/339422.npy,metal
339423,23/339423.npy,metal
339424,24/339424.npy,metal
339425,25/339425.npy,metal
339426,26/339426.npy,metal
339427,27/339427.npy,metal
339428,28/339428.npy,metal
339429,29/339429.npy,metal
339430,30/339430.npy,metal
340083,83/340083.npy,metal
340084,84/340084.npy,metal
340085,85/340085.npy,metal
347124,24/347124.npy,hiphop
347125,25/347125.npy,hiphop
347127,27/347127.npy,hiphop
347134,34/347134.npy,hiphop
347488,88/347488.npy,metal
350217,17/350217.npy,metal
350218,18/350218.npy,metal
350219,19/350219.npy,metal
350220,20/350220.npy,metal
356469,69/356469.npy,metal
357123,23/357123.npy,metal
357124,24/357124.npy,metal
357125,25/357125.npy,metal
357126,26/357126.npy,metal
357127,27/357127.npy,metal
357129,29/357129.npy,metal
357131,31/357131.npy,metal
357137,37/357137.npy,metal
357140,40/357140.npy,metal
357236,36/357236.npy,metal
357238,38/357238.npy,metal
357239,39/357239.npy,metal
357240,40/357240.npy,metal
357241,41/357241.npy,metal
357242,42/357242.npy,metal
357243,43/357243.npy,metal
357254,54/357254.npy,metal
357510,10/357510.npy,metal
357521,21/357521.npy,metal
357522,22/357522.npy,metal
357684,84/357684.npy,metal
357685,85/357685.npy,metal
357686,86/357686.npy,metal
357687,87/357687.npy,metal
357688,88/357688.npy,metal
357689,89/357689.npy,metal
357690,90/357690.npy,metal
357692,92/357692.npy,metal
357693,93/357693.npy,metal
358114,14/358114.npy,metal
358121,21/358121.npy,metal
358790,90/358790.npy,reggae
359572,72/359572.npy,metal
359588,88/359588.npy,metal
360809,09/360809.npy,metal
361701,01/361701.npy,metal
364968,68/364968.npy,metal
367742,42/367742.npy,reggae
367763,63/367763.npy,reggae
368876,76/368876.npy,metal
369209,09/369209.npy,blues
370174,74/370174.npy,country
370175,75/370175.npy,country
370178,78/370178.npy,country
370181,81/370181.npy,metal
370258,58/370258.npy,blues
371449,49/371449.npy,disco
372068,68/372068.npy,disco
372152,52/372152.npy,metal
372163,63/372163.npy,metal
372168,68/372168.npy,metal
375641,41/375641.npy,blues
376218,18/376218.npy,metal
376235,35/376235.npy,metal
376240,40/376240.npy,metal
376248,48/376248.npy,metal
377474,74/377474.npy,disco
380605,05/380605.npy,blues
380617,17/380617.npy,blues
381062,62/381062.npy,hiphop
381070,70/381070.npy,hiphop
381085,85/381085.npy,reggae
381086,86/381086.npy,hiphop
381087,87/381087.npy,hiphop
381089,89/381089.npy,hiphop
381090,90/381090.npy,hiphop
381091,91/381091.npy,hiphop
381092,92/381092.npy,hiphop
381093,93/381093.npy,hiphop
381096,96/381096.npy,hiphop
381098,98/381098.npy,hiphop
381099,99/381099.npy,hiphop
381100,00/381100.npy,hiphop
381101,01/381101.npy,hiphop
381113,13/381113.npy,hiphop
381120,20/381120.npy,hiphop
381123,23/381123.npy,hiphop
381161,61/381161.npy,hiphop
381164,64/381164.npy,hiphop
381166,66/381166.npy,hiphop
381168,68/381168.npy,hiphop
381169,69/381169.npy,hiphop
381177,77/381177.npy,hiphop
381182,82/381182.npy,hiphop
381188,88/381188.npy,hiphop
381192,92/381192.npy,hiphop
381193,93/381193.npy,hiphop
381194,94/381194.npy,hiphop
381195,95/381195.npy,hiphop
381198,98/381198.npy,hiphop
381706,06/381706.npy,reggae
381707,07/381707.npy,reggae
381708,08/381708.npy,reggae
381709,09/381709.npy,reggae
382153,53/382153.npy,hiphop
382162,62/382162.npy,disco
382163,63/382163.npy,disco
382561,61/382561.npy,reggae
382563,63/382563.npy,reggae
382565,65/382565.npy,hiphop
382567,67/382567.npy,reggae
382569,69/382569.npy,reggae
383567,67/383567.npy,hiphop
383568,68/383568.npy,hiphop
383570,70/383570.npy,hiphop
383572,72/383572.npy,hiphop
383573,73/383573.npy,hiphop
383574,74/383574.npy,hiphop
383578,78/383578.npy,hiphop
383582,82/383582.npy,hiphop
383585,85/383585.npy,hiphop
383586,86/383586.npy,hiphop
383587,87/383587.npy,hiphop
383589,89/383589.npy,hiphop
383720,20/383720.npy,hiphop
383722,22/383722.npy,hiphop
386821,21/386821.npy,reggae
386844,44/386844.npy,reggae
386870,70/386870.npy,reggae
386928,28/386928.npy,reggae
386981,81/386981.npy,reggae
387020,20/387020.npy,reggae
387030,30/387030.npy,reggae
387049,49/387049.npy,reggae
387069,69/387069.npy,reggae
387116,16/387116.npy,reggae
387125,25/387125.npy,reggae
387237,37/387237.npy,reggae
387327,27/387327.npy,reggae
387383,83/387383.npy,reggae
387408,08/387408.npy,reggae
387598,98/387598.npy,blues
390814,14/390814.npy,metal
390882,82/390882.npy,hiphop
392534,34/392534.npy,reggae
392535,35/392535.npy,reggae
393820,20/393820.npy,hiphop
395801,01/395801.npy,reggae
398690,90/398690.npy,metal
398691,91/398691.npy,metal
398696,96/398696.npy,metal
398700,00/398700.npy,metal
398711,11/398711.npy,metal
398714,14/398714.npy,metal
398716,16/398716.npy,metal
398726,26/398726.npy,metal
398739,39/398739.npy,metal
398741,41/398741.npy,metal
398759,59/398759.npy,metal
402614,14/402614.npy,reggae
403708,08/403708.npy,disco
407632,32/407632.npy,metal
407633,33/407633.npy,metal
407634,34/407634.npy,metal
407635,35/407635.npy,metal
407636,36/407636.npy,metal
407946,46/407946.npy,reggae
408073,73/408073.npy,reggae
408504,04/408504.npy,blues
410664,64/410664.npy,hiphop
410670,70/410670.npy,reggae
410671,71/410671.npy,hiphop
410675,75/410675.npy,hiphop
414943,43/414943.npy,metal
415498,98/415498.npy,metal
415596,96/415596.npy,reggae
415600,00/415600.npy,reggae
415601,01/415601.npy,reggae
415602,02/415602.npy,reggae
415640,40/415640.npy,reggae
416010,10/416010.npy,disco
417219,19/417219.npy,country
417221,21/417221.npy,country
417368,68/417368.npy,reggae
420648,48/420648.npy,blues
420658,58/420658.npy,blues
420677,77/420677.npy,blues
420692,92/420692.npy,blues
420700,00/420700.npy,blues
420706,06/420706.npy,blues
420718,18/420718.npy,blues
420720,20/420720.npy,blues
420730,30/420730.npy,blues
420739,39/420739.npy,blues
420743,43/420743.npy,blues
420752,52/420752.npy,blues
420763,63/420763.npy,blues
420777,77/420777.npy,country
420791,91/420791.npy,blues
428991,91/428991.npy,reggae
428992,92/428992.npy,reggae
429006,06/429006.npy,reggae
429007,07/429007.npy,reggae
429018,18/429018.npy,reggae
429024,24/429024.npy,reggae
429031,31/429031.npy,reggae
433925,25/433925.npy,blues
437186,86/437186.npy,metal
437196,96/437196.npy,metal
437260,60/437260.npy,metal
437722,22/437722.npy,disco
437724,24/437724.npy,disco
438204,04/438204.npy,country
440466,66/440466.npy,blues
440470,70/440470.npy,country
440487,87/440487.npy,country
440507,07/440507.npy,country
440514,14/440514.npy,country
440517,17/440517.npy,country
443383,83/443383.npy,disco
445522,22/445522.npy,blues
452577,77/452577.npy,reggae
452585,85/452585.npy,reggae
452586,86/452586.npy,reggae
452732,32/452732.npy,metal
452742,42/452742.npy,metal
452751,51/452751.npy,metal
453153,53/453153.npy,country
460120,20/460120.npy,blues
460121,21/460121.npy,blues
462203,03/462203.npy,reggae
462204,04/462204.npy,reggae
462207,07/462207.npy,reggae
463027,27/463027.npy,metal
463028,28/463028.npy,metal
463029,29/463029.npy,metal
464504,04/464504.npy,country
464509,09/464509.npy,country
464545,45/464545.npy,country
465286,86/465286.npy,metal
467989,89/467989.npy,blues
467990,90/467990.npy,blues
467993,93/467993.npy,blues
467996,96/467996.npy,blues
468029,29/468029.npy,blues
468036,36/468036.npy,blues
474692,92/474692.npy,metal
474694,94/474694.npy,metal
474695,95/474695.npy,metal
474696,96/474696.npy,metal
474697,97/474697.npy,metal
474698,98/474698.npy,metal
475776,76/475776.npy,metal
477396,96/477396.npy,country
480227,27/480227.npy,reggae
480297,97/480297.npy,reggae
480311,11/480311.npy,country
488291,91/488291.npy,reggae
488317,17/488317.npy,reggae
488400,00/488400.npy,reggae
494569,69/494569.npy,blues
497040,40/497040.npy,blues
498822,22/498822.npy,blues
499047,47/499047.npy,blues
499048,48/499048.npy,blues
499049,49/499049.npy,blues
499050,50/499050.npy,blues
499051,51/499051.npy,blues
499052,52/499052.npy,blues
499053,53/499053.npy,blues
499054,54/499054.npy,blues
499055,55/499055.npy,blues
499056,56/499056.npy,blues
499057,57/499057.npy,blues
506091,91/506091.npy,blues
506092,92/506092.npy,blues
506093,93/506093.npy,blues
506094,94/506094.npy,blues
506095,95/506095.npy,blues
506096,96/506096.npy,blues
506097,97/506097.npy,blues
506098,98/506098.npy,blues
506099,99/506099.npy,blues
506100,00/506100.npy,blues
510723,23/510723.npy,metal
515394,94/515394.npy,blues
515415,15/515415.npy,blues
515418,18/515418.npy,blues
515419,19/515419.npy,blues
515420,20/515420.npy,blues
519470,70/519470.npy,disco
519766,66/519766.npy,country
519770,70/519770.npy,reggae
526060,60/526060.npy,metal
526062,62/526062.npy,metal
526080,80/526080.npy,metal
526081,81/526081.npy,metal
526107,07/526107.npy,metal
526108,08/526108.npy,metal
526109,09/526109.npy,metal
537850,50/537850.npy,blues
537852,52/537852.npy,blues
547224,24/547224.npy,metal
547235,35/547235.npy,country
564204,04/564204.npy,country
567429,29/567429.npy,blues
567734,34/567734.npy,metal
567735,35/567735.npy,metal
568126,26/568126.npy,disco
571430,30/571430.npy,metal
578348,48/578348.npy,blues
578350,50/578350.npy,blues
578363,63/578363.npy,blues
578387,87/578387.npy,blues
578388,88/578388.npy,blues
582179,79/582179.npy,blues
582652,52/582652.npy,reggae
582654,54/582654.npy,reggae
582655,55/582655.npy,reggae
582656,56/582656.npy,reggae
582658,58/582658.npy,reggae
582659,59/582659.npy,reggae
582661,61/582661.npy,reggae
582664,64/582664.npy,reggae
582667,67/582667.npy,reggae
582670,70/582670.npy,reggae
582672,72/582672.npy,reggae
590270,70/590270.npy,metal
590279,79/590279.npy,metal
598443,43/598443.npy,blues
617330,30/617330.npy,reggae
617331,31/617331.npy,reggae
617333,33/617333.npy,reggae
617335,35/617335.npy,reggae
617338,38/617338.npy,reggae
617342,42/617342.npy,reggae
628406,06/628406.npy,blues
628408,08/628408.npy,blues
629668,68/629668.npy,metal
629693,93/629693.npy,metal
629702,02/629702.npy,metal
629706,06/629706.npy,metal
629715,15/629715.npy,metal
629722,22/629722.npy,metal
629735,35/629735.npy,metal
646651,51/646651.npy,blues
658061,61/658061.npy,disco
662182,82/662182.npy,blues
666093,93/666093.npy,reggae
666108,08/666108.npy,reggae
666594,94/666594.npy,metal
666611,11/666611.npy,metal
666614,14/666614.npy,metal
679803,03/679803.npy,blues
679804,04/679804.npy,blues
679829,29/679829.npy,reggae
679887,87/679887.npy,blues
679895,95/679895.npy,blues
679928,28/679928.npy,blues
679929,29/679929.npy,blues
682474,74/682474.npy,metal
687690,90/687690.npy,blues
687691,91/687691.npy,blues
687692,92/687692.npy,blues
687693,93/687693.npy,blues
687694,94/687694.npy,blues
687695,95/687695.npy,blues
687696,96/687696.npy,blues
687697,97/687697.npy,blues
687698,98/687698.npy,blues
688146,46/688146.npy,blues
688147,47/688147.npy,blues
690130,30/690130.npy,country
694167,67/694167.npy,metal
699784,84/699784.npy,metal
701779,79/701779.npy,disco
718299,99/718299.npy,disco
718306,06/718306.npy,disco
718686,86/718686.npy,disco
728631,31/728631.npy,reggae
728914,14/728914.npy,disco
728921,21/728921.npy,disco
728926,26/728926.npy,disco
728930,30/728930.npy,disco
728932,32/728932.npy,disco
736623,23/736623.npy,disco
737318,18/737318.npy,country
737331,31/737331.npy,blues
737333,33/737333.npy,country
740330,30/740330.npy,reggae
740331,31/740331.npy,reggae
740332,32/740332.npy,reggae
740333,33/740333.npy,reggae
740334,34/740334.npy,reggae
740336,36/740336.npy,reggae
740338,38/740338.npy,reggae
740339,39/740339.npy,reggae
740340,40/740340.npy,reggae
740341,41/740341.npy,reggae
740342,42/740342.npy,reggae
740343,43/740343.npy,reggae
740344,44/740344.npy,reggae
740346,46/740346.npy,reggae
766433,33/766433.npy,reggae
770491,91/770491.npy,country
779222,22/779222.npy,country
779309,09/779309.npy,blues
779310,10/779310.npy,blues
783926,26/783926.npy,blues
785304,04/785304.npy,blues
785306,06/785306.npy,blues
785359,59/785359.npy,blues
785434,34/785434.npy,reggae
785527,27/785527.npy,blues
785528,28/785528.npy,blues
785618,18/785618.npy,blues
785620,20/785620.npy,country
785624,24/785624.npy,blues
785626,26/785626.npy,blues
785628,28/785628.npy,country
785629,29/785629.npy,country
785631,31/785631.npy,country
786254,54/786254.npy,metal
786255,55/786255.npy,metal
786258,58/786258.npy,metal
786259,59/786259.npy,metal
786260,60/786260.npy,metal
786267,67/786267.npy,metal
786268,68/786268.npy,metal
786269,69/786269.npy,metal
786270,70/786270.npy,metal
786933,33/786933.npy,blues
786936,36/786936.npy,blues
786938,38/786938.npy,blues
786940,40/786940.npy,blues
786943,43/786943.npy,blues
786944,44/786944.npy,blues
809556,56/809556.npy,reggae
811226,26/811226.npy,country
811227,27/811227.npy,country
811228,28/811228.npy,country
811232,32/811232.npy,country
814942,42/814942.npy,reggae
814943,43/814943.npy,reggae
814944,44/814944.npy,reggae
814945,45/814945.npy,reggae
814946,46/814946.npy,reggae
814947,47/814947.npy,reggae
814948,48/814948.npy,reggae
814949,49/814949.npy,reggae
814950,50/814950.npy,reggae
814951,51/814951.npy,reggae
814952,52/814952.npy,reggae
814953,53/814953.npy,reggae
814954,54/814954.npy,reggae
824793,93/824793.npy,disco
826473,73/826473.npy,blues
838687,87/838687.npy,disco
847626,26/847626.npy,blues
847628,28/847628.npy,blues
847633,33/847633.npy,blues
847635,35/847635.npy,blues
866780,80/866780.npy,disco
873803,03/873803.npy,country
873805,05/873805.npy,country
873807,07/873807.npy,country
873808,08/873808.npy,country
873809,09/873809.npy,country
873810,10/873810.npy,country
873812,12/873812.npy,country
873813,13/873813.npy,country
873814,14/873814.npy,country
873815,15/873815.npy,country
873816,16/873816.npy,country
873817,17/873817.npy,country
873818,18/873818.npy,country
873822,22/873822.npy,country
878744,44/878744.npy,blues
882459,59/882459.npy,blues
882460,60/882460.npy,blues
882461,61/882461.npy,blues
882462,62/882462.npy,blues
882464,64/882464.npy,blues
882465,65/882465.npy,blues
882466,66/882466.npy,blues
882467,67/882467.npy,blues
882468,68/882468.npy,blues
882469,69/882469.npy,blues
882470,70/882470.npy,blues
892001,01/892001.npy,reggae
894531,31/894531.npy,disco
900786,86/900786.npy,reggae
902222,22/902222.npy,blues
904485,85/904485.npy,blues
914056,56/914056.npy,disco
914905,05/914905.npy,blues
915578,78/915578.npy,blues
915579,79/915579.npy,blues
915580,80/915580.npy,blues
915581,81/915581.npy,blues
915582,82/915582.npy,blues
915584,84/915584.npy,blues
915676,76/915676.npy,blues
915677,77/915677.npy,blues
915737,37/915737.npy,blues
915738,38/915738.npy,blues
915739,39/915739.npy,blues
915740,40/915740.npy,blues
916749,49/916749.npy,reggae
920193,93/920193.npy,blues
920194,94/920194.npy,blues
920195,95/920195.npy,blues
920196,96/920196.npy,blues
920197,97/920197.npy,blues
920434,34/920434.npy,blues
920435,35/920435.npy,blues
920436,36/920436.npy,blues
920437,37/920437.npy,blues
920440,40/920440.npy,blues
920480,80/920480.npy,blues
920493,93/920493.npy,blues
922939,39/922939.npy,blues
922940,40/922940.npy,blues
922941,41/922941.npy,blues
938051,51/938051.npy,country
938056,56/938056.npy,reggae
944684,84/944684.npy,disco
944694,94/944694.npy,disco
944696,96/944696.npy,disco
944721,21/944721.npy,disco
944890,90/944890.npy,disco
944891,91/944891.npy,disco
944892,92/944892.npy,disco
944903,03/944903.npy,disco
944914,14/944914.npy,country
946413,13/946413.npy,disco
946414,14/946414.npy,disco
946415,15/946415.npy,disco
946416,16/946416.npy,disco
946804,04/946804.npy,blues
946950,50/946950.npy,disco
947781,81/947781.npy,blues
947782,82/947782.npy,blues
947783,83/947783.npy,blues
947784,84/947784.npy,blues
947785,85/947785.npy,blues
947786,86/947786.npy,blues
947787,87/947787.npy,blues
947788,88/947788.npy,blues
947789,89/947789.npy,blues
947791,91/947791.npy,reggae
947800,00/947800.npy,reggae
948191,91/948191.npy,disco
949551,51/949551.npy,blues
949555,55/949555.npy,country
949586,86/949586.npy,blues
958805,05/958805.npy,reggae
963808,08/963808.npy,reggae
965634,34/965634.npy,disco
966288,88/966288.npy,reggae
966860,60/966860.npy,blues
967149,49/967149.npy,reggae
967154,54/967154.npy,reggae
967228,28/967228.npy,reggae
967229,29/967229.npy,reggae
967230,30/967230.npy,reggae
967231,31/967231.npy,blues
967233,33/967233.npy,reggae
967239,39/967239.npy,reggae
967243,43/967243.npy,reggae
970788,88/970788.npy,blues
970789,89/970789.npy,blues
973492,92/973492.npy,blues
973495,95/973495.npy,blues
973497,97/973497.npy,blues
973498,98/973498.npy,blues
973503,03/973503.npy,blues
974584,84/974584.npy,blues
974965,65/974965.npy,blues
981457,57/981457.npy,blues
981458,58/981458.npy,blues
981460,60/981460.npy,blues
981461,61/981461.npy,country
981462,62/981462.npy,blues
981464,64/981464.npy,blues
981465,65/981465.npy,blues
982352,52/982352.npy,blues
982389,89/982389.npy,blues
984996,96/984996.npy,blues
986586,86/986586.npy,blues
995827,27/995827.npy,blues
1002052,52/1002052.npy,country
1007900,00/1007900.npy,blues
1007902,02/1007902.npy,blues
1009604,04/1009604.npy,blues
1009696,96/1009696.npy,blues
1011644,44/1011644.npy,blues
1016733,33/1016733.npy,country
1018531,31/1018531.npy,country
1018532,32/1018532.npy,country
1018533,33/1018533.npy,country
1018534,34/1018534.npy,country
1018535,35/1018535.npy,country
1018536,36/1018536.npy,country
1018537,37/1018537.npy,country
1018538,38/1018538.npy,country
1018539,39/1018539.npy,country
1018540,40/1018540.npy,country
1018541,41/1018541.npy,country
1026861,61/1026861.npy,country
1026874,74/1026874.npy,country
1027572,72/1027572.npy,country
1028272,72/1028272.npy,blues
1030386,86/1030386.npy,country
1031678,78/1031678.npy,disco
1032839,39/1032839.npy,blues
1032913,13/1032913.npy,blues
1036830,30/1036830.npy,disco
1037750,50/1037750.npy,country
1037751,51/1037751.npy,country
1041157,57/1041157.npy,blues
1044776,76/1044776.npy,blues
1046002,02/1046002.npy,blues
1046642,42/1046642.npy,country
1047436,36/1047436.npy,disco
1060998,98/1060998.npy,disco
1062464,64/1062464.npy,blues
1062465,65/1062465.npy,blues
1066748,48/1066748.npy,blues
1066750,50/1066750.npy,blues
1066753,53/1066753.npy,blues
1066757,57/1066757.npy,country
1066758,58/1066758.npy,blues
1066759,59/1066759.npy,blues
1068095,95/1068095.npy,country
1069076,76/1069076.npy,disco
1069077,77/1069077.npy,disco
1069078,78/1069078.npy,disco
1069079,79/1069079.npy,disco
1069080,80/1069080.npy,disco
1069081,81/1069081.npy,disco
1069082,82/1069082.npy,disco
1069083,83/1069083.npy,disco
1069084,84/1069084.npy,disco
1069085,85/1069085.npy,disco
1069086,86/1069086.npy,disco
1069087,87/1069087.npy,disco
1069175,75/1069175.npy,country
1070124,24/1070124.npy,blues
1075700,00/1075700.npy,blues
1086300,00/1086300.npy,country
1087094,94/1087094.npy,country
1087098,98/1087098.npy,country
1087105,05/1087105.npy,country
1087538,38/1087538.npy,blues
1088118,18/1088118.npy,blues
1091244,44/1091244.npy,blues
1091245,45/1091245.npy,blues
1093961,61/1093961.npy,disco
1095746,46/1095746.npy,country
1095755,55/1095755.npy,country
1102216,16/1102216.npy,disco
1102240,40/1102240.npy,disco
1104254,54/1104254.npy,disco
1104259,59/1104259.npy,disco
1105514,14/1105514.npy,disco
1105515,15/1105515.npy,disco
1106762,62/1106762.npy,blues
1107567,67/1107567.npy,blues
1107568,68/1107568.npy,blues
1107569,69/1107569.npy,blues
1107570,70/1107570.npy,blues
1107571,71/1107571.npy,blues
1107572,72/1107572.npy,blues
1107573,73/1107573.npy,blues
1107574,74/1107574.npy,blues
1107575,75/1107575.npy,blues
1107576,76/1107576.npy,blues
1107577,77/1107577.npy,blues
1107578,78/1107578.npy,blues
1107579,79/1107579.npy,blues
1107580,80/1107580.npy,blues
1107729,29/1107729.npy,blues
1113085,85/1113085.npy,blues
1114537,37/1114537.npy,blues
1114679,79/1114679.npy,blues
1116263,63/1116263.npy,country
1116264,64/1116264.npy,country
1116267,67/1116267.npy,country
1116413,13/1116413.npy,country
1116419,19/1116419.npy,country
1116707,07/1116707.npy,country
1116711,11/1116711.npy,country
1116712,12/1116712.npy,country
1116714,14/1116714.npy,country
1117564,64/1117564.npy,disco
1119431,31/1119431.npy,blues
1119589,89/1119589.npy,blues
1119596,96/1119596.npy,country
1119919,19/1119919.npy,country
1119921,21/1119921.npy,country
1119922,22/1119922.npy,country
1119926,26/1119926.npy,country
1119927,27/1119927.npy,country
1120124,24/1120124.npy,country
1120149,49/1120149.npy,country
1121554,54/1121554.npy,blues
1121559,59/1121559.npy,country
1121561,61/1121561.npy,blues
1121568,68/1121568.npy,blues
1122209,09/1122209.npy,blues
1124709,09/1124709.npy,country
1128209,09/1128209.npy,country
1128822,22/1128822.npy,country
1128824,24/1128824.npy,country
1128825,25/1128825.npy,country
1128826,26/1128826.npy,country
1129148,48/1129148.npy,disco
1129409,09/1129409.npy,disco
1129411,11/1129411.npy,disco
1133292,92/1133292.npy,blues
1138686,86/1138686.npy,blues
1139438,38/1139438.npy,blues
1141684,84/1141684.npy,blues
1149573,73/1149573.npy,disco
1149624,24/1149624.npy,blues
1149878,78/1149878.npy,country
1150898,98/1150898.npy,blues
1150917,17/1150917.npy,country
1152033,33/1152033.npy,country
1157012,12/1157012.npy,blues
1158020,20/1158020.npy,country
1160971,71/1160971.npy,disco
1162028,28/1162028.npy,country
1162031,31/1162031.npy,blues
1162032,32/1162032.npy,country
1162033,33/1162033.npy,country
1162036,36/1162036.npy,blues
1162097,97/1162097.npy,blues
1163927,27/1163927.npy,blues
1164245,45/1164245.npy,blues
1164746,46/1164746.npy,blues
1164747,47/1164747.npy,blues
1165275,75/1165275.npy,country
1165399,99/1165399.npy,blues
1166930,30/1166930.npy,country
1170598,98/1170598.npy,country
1173258,58/1173258.npy,country
1173259,59/1173259.npy,country
1173260,60/1173260.npy,country
1173758,58/1173758.npy,country
1173760,60/1173760.npy,blues
1173761,61/1173761.npy,blues
1173763,63/1173763.npy,blues
1173764,64/1173764.npy,blues
1174110,10/1174110.npy,disco
1174498,98/1174498.npy,disco
1174879,79/1174879.npy,disco
1177895,95/1177895.npy,blues
1177896,96/1177896.npy,blues
1179374,74/1179374.npy,country
1179863,63/1179863.npy,blues
1179881,81/1179881.npy,country
1181298,98/1181298.npy,blues
1184701,01/1184701.npy,blues
1185448,48/1185448.npy,blues
1185876,76/1185876.npy,disco
1185880,80/1185880.npy,disco
1186121,21/1186121.npy,disco
1187041,41/1187041.npy,blues
1187044,44/1187044.npy,country
1188137,37/1188137.npy,blues
1189948,48/1189948.npy,country
1190782,82/1190782.npy,blues
1190864,64/1190864.npy,disco
1192256,56/1192256.npy,blues
1192260,60/1192260.npy,blues
1197060,60/1197060.npy,country
1197061,61/1197061.npy,country
1197079,79/1197079.npy,country
1197084,84/1197084.npy,country
1197088,88/1197088.npy,country
1197089,89/1197089.npy,country
1197092,92/1197092.npy,country
1198667,67/1198667.npy,country
1198669,69/1198669.npy,country
1198671,71/1198671.npy,disco
1203665,65/1203665.npy,blues
1203970,70/1203970.npy,country
1203977,77/1203977.npy,country
1203978,78/1203978.npy,country
1203979,79/1203979.npy,country
1203980,80/1203980.npy,country
1204593,93/1204593.npy,country
1205065,65/1205065.npy,disco
1205067,67/1205067.npy,disco
1205068,68/1205068.npy,disco
1205618,18/1205618.npy,disco
1205625,25/1205625.npy,disco
1208040,40/1208040.npy,country
1208044,44/1208044.npy,country
1208600,00/1208600.npy,blues
1208609,09/1208609.npy,blues
1208613,13/1208613.npy,blues
1208619,19/1208619.npy,disco
1215877,77/1215877.npy,disco
1216120,20/1216120.npy,disco
1216121,21/1216121.npy,disco
1216122,22/1216122.npy,disco
1216123,23/1216123.npy,disco
1216124,24/1216124.npy,disco
1216125,25/1216125.npy,disco
1216126,26/1216126.npy,disco
1216127,27/1216127.npy,disco
1216128,28/1216128.npy,disco
1216129,29/1216129.npy,disco
1216130,30/1216130.npy,disco
1219475,75/1219475.npy,country
1219701,01/1219701.npy,blues
1221915,15/1221915.npy,blues
1222786,86/1222786.npy,country
1222845,45/1222845.npy,country
1223079,79/1223079.npy,country
1223081,81/1223081.npy,country
1223083,83/1223083.npy,country
1223084,84/1223084.npy,country
1223085,85/1223085.npy,country
1223086,86/1223086.npy,country
1223700,00/1223700.npy,country
1223765,65/1223765.npy,country
1223933,33/1223933.npy,country
1225192,92/1225192.npy,country
1227194,94/1227194.npy,country
1230633,33/1230633.npy,blues
1231088,88/1231088.npy,disco
1231089,89/1231089.npy,disco
1231094,94/1231094.npy,disco
1231884,84/1231884.npy,blues
1231887,87/1231887.npy,blues
1231917,17/1231917.npy,blues
1231918,18/1231918.npy,blues
1234505,05/1234505.npy,disco
1235607,07/1235607.npy,blues
1236046,46/1236046.npy,blues
1236048,48/1236048.npy,blues
1236050,50/1236050.npy,blues
1236052,52/1236052.npy,blues
1236363,63/1236363.npy,disco
1244458,58/1244458.npy,disco
1244463,63/1244463.npy,disco
1245136,36/1245136.npy,country
1245137,37/1245137.npy,country
1245138,38/1245138.npy,country
1245139,39/1245139.npy,country
1245436,36/1245436.npy,disco
1245891,91/1245891.npy,disco
1249918,18/1249918.npy,blues
1249926,26/1249926.npy,blues
1251302,02/1251302.npy,blues
1251315,15/1251315.npy,blues
1251420,20/1251420.npy,blues
1251856,56/1251856.npy,blues
1254616,16/1254616.npy,disco
1255879,79/1255879.npy,blues
1257405,05/1257405.npy,blues
1258976,76/1258976.npy,disco
1262650,50/1262650.npy,disco
1262651,51/1262651.npy,disco
1262652,52/1262652.npy,disco
1262653,53/1262653.npy,disco
1262655,55/1262655.npy,disco
1265903,03/1265903.npy,blues
1265904,04/1265904.npy,blues
1265905,05/1265905.npy,blues
1269430,30/1269430.npy,blues
1270030,30/1270030.npy,blues
1270033,33/1270033.npy,blues
1270034,34/1270034.npy,blues
1270035,35/1270035.npy,blues
1270588,88/1270588.npy,blues
1271909,09/1271909.npy,country
1271911,11/1271911.npy,country
1272520,20/1272520.npy,blues
1272522,22/1272522.npy,country
1274237,37/1274237.npy,blues
1274297,97/1274297.npy,blues
1274298,98/1274298.npy,blues
1274299,99/1274299.npy,blues
1274300,00/1274300.npy,blues
1274301,01/1274301.npy,blues
1275645,45/1275645.npy,disco
1275656,56/1275656.npy,disco
1275672,72/1275672.npy,disco
1275973,73/1275973.npy,country
1276504,04/1276504.npy,country
1276506,06/1276506.npy,country
1276509,09/1276509.npy,country
1276510,10/1276510.npy,country
1276512,12/1276512.npy,country
1276516,16/1276516.npy,blues
1277995,95/1277995.npy,blues
1278110,10/1278110.npy,disco
1279768,68/1279768.npy,blues
1279773,73/1279773.npy,blues
1282729,29/1282729.npy,disco
1282732,32/1282732.npy,disco
1282734,34/1282734.npy,disco
1282735,35/1282735.npy,disco
1282742,42/1282742.npy,disco
1282749,49/1282749.npy,disco
1282750,50/1282750.npy,disco
1282751,51/1282751.npy,disco
1282752,52/1282752.npy,disco
1282755,55/1282755.npy,disco
1282853,53/1282853.npy,disco
1282854,54/1282854.npy,disco
1282855,55/1282855.npy,disco
1282856,56/1282856.npy,disco
1282858,58/1282858.npy,disco
1282859,59/1282859.npy,disco
1282860,60/1282860.npy,disco
1282862,62/1282862.npy,disco
1282863,63/1282863.npy,disco
1282864,64/1282864.npy,disco
1282866,66/1282866.npy,disco
1282955,55/1282955.npy,disco
1282959,59/1282959.npy,disco
1282961,61/1282961.npy,disco
1282962,62/1282962.npy,disco
1282963,63/1282963.npy,disco
1282988,88/1282988.npy,disco
1282990,90/1282990.npy,disco
1282992,92/1282992.npy,disco
1282993,93/1282993.npy,disco
1282994,94/1282994.npy,disco
1282995,95/1282995.npy,disco
1283041,41/1283041.npy,disco
1283042,42/1283042.npy,disco
1283043,43/1283043.npy,disco
1283044,44/1283044.npy,disco
1283045,45/1283045.npy,disco
1283046,46/1283046.npy,disco
1283048,48/1283048.npy,disco
1283049,49/1283049.npy,disco
1283050,50/1283050.npy,disco
1283078,78/1283078.npy,disco
1283374,74/1283374.npy,blues
1283375,75/1283375.npy,blues
1283376,76/1283376.npy,blues
1284351,51/1284351.npy,country
1284779,79/1284779.npy,blues
1284781,81/1284781.npy,blues
1284782,82/1284782.npy,blues
1285255,55/1285255.npy,disco
1285256,56/1285256.npy,disco
1285257,57/1285257.npy,disco
1285259,59/1285259.npy,disco
1285260,60/1285260.npy,disco
1285261,61/1285261.npy,disco
1285262,62/1285262.npy,disco
1285263,63/1285263.npy,disco
1285264,64/1285264.npy,disco
1285265,65/1285265.npy,disco
1285266,66/1285266.npy,disco
1285278,78/1285278.npy,disco
1286357,57/1286357.npy,disco
1286360,60/1286360.npy,disco
1286364,64/1286364.npy,disco
1286365,65/1286365.npy,disco
1287359,59/1287359.npy,disco
1287360,60/1287360.npy,disco
1287361,61/1287361.npy,disco
1287362,62/1287362.npy,disco
1287364,64/1287364.npy,disco
1287365,65/1287365.npy,disco
1287376,76/1287376.npy,disco
1287378,78/1287378.npy,disco
1287383,83/1287383.npy,disco
1287387,87/1287387.npy,disco
1287388,88/1287388.npy,disco
1287389,89/1287389.npy,disco
1288416,16/1288416.npy,blues
1288419,19/1288419.npy,country
1288490,90/1288490.npy,disco
1288554,54/1288554.npy,disco
1288555,55/1288555.npy,disco
1289300,00/1289300.npy,blues
1289304,04/1289304.npy,blues
1292567,67/1292567.npy,country
1295552,52/1295552.npy,disco
1295560,60/1295560.npy,country
1296703,03/1296703.npy,disco
1297200,00/1297200.npy,disco
1297201,01/1297201.npy,disco
1297202,02/1297202.npy,disco
1297203,03/1297203.npy,disco
1297204,04/1297204.npy,disco
1297205,05/1297205.npy,disco
1297206,06/1297206.npy,disco
1297207,07/1297207.npy,disco
1297208,08/1297208.npy,disco
1299783,83/1299783.npy,disco
1302675,75/1302675.npy,country
1306956,56/1306956.npy,country
1307643,43/1307643.npy,country
1307828,28/1307828.npy,country
1307829,29/1307829.npy,country
1308827,27/1308827.npy,country
1309762,62/1309762.npy,country
1310655,55/1310655.npy,country
1310657,57/1310657.npy,country
1310659,59/1310659.npy,country
1310660,60/1310660.npy,country
1312152,52/1312152.npy,disco
1317931,31/1317931.npy,country
1321707,07/1321707.npy,disco
1321708,08/1321708.npy,disco
1321709,09/1321709.npy,disco
1321710,10/1321710.npy,disco
1321711,11/1321711.npy,disco
1321712,12/1321712.npy,disco
1321713,13/1321713.npy,disco
1321714,14/1321714.npy,disco
1321715,15/1321715.npy,disco
1321716,16/1321716.npy,disco
1321717,17/1321717.npy,disco
1321718,18/1321718.npy,disco
1321719,19/1321719.npy,disco
1321720,20/1321720.npy,disco
1321722,22/1321722.npy,disco
1321723,23/1321723.npy,disco
1321724,24/1321724.npy,disco
1321725,25/1321725.npy,disco
1321726,26/1321726.npy,disco
1321727,27/1321727.npy,disco
1321728,28/1321728.npy,disco
1321729,29/1321729.npy,disco
1321730,30/1321730.npy,disco
1321731,31/1321731.npy,disco
1321732,32/1321732.npy,disco
1321733,33/1321733.npy,disco
1321734,34/1321734.npy,disco
1321735,35/1321735.npy,disco
1321736,36/1321736.npy,disco
1321737,37/1321737.npy,disco
1321738,38/1321738.npy,disco
1321739,39/1321739.npy,disco
1321740,40/1321740.npy,disco
1321741,41/1321741.npy,disco
1321742,42/1321742.npy,disco
1321743,43/1321743.npy,disco
1321744,44/1321744.npy,disco
1321745,45/1321745.npy,disco
1321746,46/1321746.npy,disco
1325792,92/1325792.npy,disco
1327283,83/1327283.npy,disco
1328505,05/1328505.npy,disco
1328507,07/1328507.npy,disco
1329476,76/1329476.npy,country
1330987,87/1330987.npy,disco
1332908,08/1332908.npy,country
1333696,96/1333696.npy,country
1333697,97/1333697.npy,country
1333698,98/1333698.npy,country
1333699,99/1333699.npy,country
1333700,00/1333700.npy,country
1333701,01/1333701.npy,country
1333702,02/1333702.npy,country
1333703,03/1333703.npy,country
1333704,04/1333704.npy,country
1333705,05/1333705.npy,country
1333706,06/1333706.npy,country
1333721,21/1333721.npy,country
1333800,00/1333800.npy,disco
1335463,63/1335463.npy,disco
1340552,52/1340552.npy,country
1340553,53/1340553.npy,country
1340554,54/1340554.npy,country
1340555,55/1340555.npy,country
1340556,56/1340556.npy,country
1340557,57/1340557.npy,country
1340558,58/1340558.npy,country
1340559,59/1340559.npy,country
1340560,60/1340560.npy,country
1340561,61/1340561.npy,country
1340562,62/1340562.npy,country
1340563,63/1340563.npy,country
1341176,76/1341176.npy,disco
1342830,30/1342830.npy,disco
1343765,65/1343765.npy,country
1343767,67/1343767.npy,country
1343768,68/1343768.npy,country
1343769,69/1343769.npy,country
1343770,70/1343770.npy,country
1343771,71/1343771.npy,country
1343773,73/1343773.npy,country
1343774,74/1343774.npy,country
1343775,75/1343775.npy,country
1343776,76/1343776.npy,country
1343777,77/1343777.npy,country
1343778,78/1343778.npy,country
1343779,79/1343779.npy,country
1343782,82/1343782.npy,country
1343806,06/1343806.npy,country
1343807,07/1343807.npy,country
1343808,08/1343808.npy,country
1343809,09/1343809.npy,country
1343810,10/1343810.npy,country
1343811,11/1343811.npy,country
1343812,12/1343812.npy,country
1343813,13/1343813.npy,country
1343814,14/1343814.npy,country
1343815,15/1343815.npy,country
1343816,16/1343816.npy,country
1343817,17/1343817.npy,country
1343818,18/1343818.npy,country
1344487,87/1344487.npy,country
1344488,88/1344488.npy,country
1344489,89/1344489.npy,country
1344490,90/1344490.npy,country
1344491,91/1344491.npy,country
1344492,92/1344492.npy,country
1344493,93/1344493.npy,country
1344494,94/1344494.npy,country
1344495,95/1344495.npy,country
1344496,96/1344496.npy,country
1344497,97/1344497.npy,country
1344498,98/1344498.npy,country
1344830,30/1344830.npy,country
1344831,31/1344831.npy,country
1344832,32/1344832.npy,country
1344833,33/1344833.npy,country
1344834,34/1344834.npy,country
1344835,35/1344835.npy,country
1344836,36/1344836.npy,country
1344837,37/1344837.npy,country
1344838,38/1344838.npy,country
1344839,39/1344839.npy,country
1344840,40/1344840.npy,country
1344841,41/1344841.npy,country
1344842,42/1344842.npy,country
1344843,43/1344843.npy,country
1345454,54/1345454.npy,country
1345455,55/1345455.npy,country
1345456,56/1345456.npy,country
1345457,57/1345457.npy,country
1345458,58/1345458.npy,country
1345459,59/1345459.npy,country
1345460,60/1345460.npy,country
1345461,61/1345461.npy,country
1345462,62/1345462.npy,country
1345463,63/1345463.npy,country
1345464,64/1345464.npy,country
1345465,65/1345465.npy,country
1345466,66/1345466.npy,country
1345467,67/1345467.npy,country
1346279,79/1346279.npy,country
1346280,80/1346280.npy,country
1346282,82/1346282.npy,country
1346283,83/1346283.npy,country
1346284,84/1346284.npy,country
1346285,85/1346285.npy,country
1346286,86/1346286.npy,country
1346287,87/1346287.npy,country
1346288,88/1346288.npy,country
1346289,89/1346289.npy,country
1346290,90/1346290.npy,country
1346291,91/1346291.npy,country
1346292,92/1346292.npy,country
1346293,93/1346293.npy,country
1346680,80/1346680.npy,country
1346681,81/1346681.npy,country
1346682,82/1346682.npy,country
1346683,83/1346683.npy,country
1346684,84/1346684.npy,country
1346685,85/1346685.npy,country
1346686,86/1346686.npy,country
1346687,87/1346687.npy,country
1346688,88/1346688.npy,country
1346689,89/1346689.npy,country
1346690,90/1346690.npy,country
1346691,91/1346691.npy,country
1346692,92/1346692.npy,country
1346693,93/1346693.npy,country
1346694,94/1346694.npy,country
1349931,31/1349931.npy,disco
1351138,38/1351138.npy,country
1353357,57/1353357.npy,disco
1353366,66/1353366.npy,disco
1354099,99/1354099.npy,country
1354100,00/1354100.npy,country
1354101,01/1354101.npy,country
1354102,02/1354102.npy,country
1354103,03/1354103.npy,country
1354104,04/1354104.npy,country
1354105,05/1354105.npy,country
1354106,06/1354106.npy,country
1354107,07/1354107.npy,country
1354108,08/1354108.npy,country
1354109,09/1354109.npy,country
1354110,10/1354110.npy,country
1354111,11/1354111.npy,country
1354112,12/1354112.npy,country
1354113,13/1354113.npy,country
1354114,14/1354114.npy,country
1354273,73/1354273.npy,disco
1354274,74/1354274.npy,disco
1354952,52/1354952.npy,country
1354953,53/1354953.npy,country
1354954,54/1354954.npy,country
1354955,55/1354955.npy,country
1354956,56/1354956.npy,country
1354957,57/1354957.npy,country
1354958,58/1354958.npy,country
1354959,59/1354959.npy,country
1357238,38/1357238.npy,disco
1357239,39/1357239.npy,disco
1360656,56/1360656.npy,disco
1361132,32/1361132.npy,disco
1361366,66/1361366.npy,disco
1364709,09/1364709.npy,disco
1364769,69/1364769.npy,disco
1364770,70/1364770.npy,disco
1364796,96/1364796.npy,disco
1365358,58/1365358.npy,disco
1370354,54/1370354.npy,disco
1370365,65/1370365.npy,disco
1371529,29/1371529.npy,disco
1371972,72/1371972.npy,disco
1371975,75/1371975.npy,disco
1373064,64/1373064.npy,disco
1373551,51/1373551.npy,disco
1373552,52/1373552.npy,disco
1374066,66/1374066.npy,disco
1377584,84/1377584.npy,disco
1378092,92/1378092.npy,disco
1378095,95/1378095.npy,disco
1378096,96/1378096.npy,disco
1378475,75/1378475.npy,disco
1378479,79/1378479.npy,disco
1380897,97/1380897.npy,disco
1384692,92/1384692.npy,disco
1388587,87/1388587.npy,disco
1389919,19/1389919.npy,disco
1391680,80/1391680.npy,disco
1399337,37/1399337.npy,disco
1399519,19/1399519.npy,disco
1399998,98/1399998.npy,disco
1402480,80/1402480.npy,disco
1402481,81/1402481.npy,disco
1404015,15/1404015.npy,disco
1419040,40/1419040.npy,disco
1420409,09/1420409.npy,disco
1420425,25/1420425.npy,disco
1420426,26/1420426.npy,disco
1420436,36/1420436.npy,disco
1420438,38/1420438.npy,disco
1420444,44/1420444.npy,disco
1420445,45/1420445.npy,disco
1420471,71/1420471.npy,disco
1420472,72/1420472.npy,disco
1420473,73/1420473.npy,disco
1420475,75/1420475.npy,disco
1420476,76/1420476.npy,disco
1420477,77/1420477.npy,disco
1420478,78/1420478.npy,disco
1420480,80/1420480.npy,disco
1420482,82/1420482.npy,disco
1420483,83/1420483.npy,disco
1420484,84/1420484.npy,disco
1420485,85/1420485.npy,disco
1420486,86/1420486.npy,disco
1420489,89/1420489.npy,disco
1420506,06/1420506.npy,disco
1420507,07/1420507.npy,disco
1420699,99/1420699.npy,disco
1420929,29/1420929.npy,disco
